date,bankReserves,baseMoney,cbnBills,creditToGovernment,creditToGovernmentFed,creditToPrivateSector,currencyInCirculation,currencyOutsideBanks,demandDeposits,id,mirrorAccounts,moneySupply_M2,moneySupply_M3,narrowMoney,netDomesticAssets,netDomesticCredit,netForeignAssets,otherAssetsNet,period,quasiMoney,specialInterventionReserves,tmonth,tyear
2006-01-01,132780.86,705528.26,,417689.8,,1981707.7,572747.4,478452.1,1242186.1,150,,2967139.5,,1720638.2,-1708425.4,2399397.6,4675564.9,-4107823,January 2006,1246501.3,,1,2006
2006-02-01,158981.99,720608.39,,179810.7,,1113895.9,561626.4,524540.5,870045.1,151,,2227472.8,,1394585.6,-2177825.2,1293706.7,4405298,-3471531.9,February 2006,832887.1,,2,2006
2006-03-01,165175.7,728888.7,,471892.3,,2126956.6,563713,479967.2,1357503.2,152,,3307667.9,,1837470.4,-1801292,2598849,5108959.9,-4400141,March 2006,1470197.4,,3,2006
2006-04-01,195383.7,805514,,523023.3,,2173758.9,610130.3,527021.2,1499052.5,153,,3540703.6,,2026073.8,-1142818.6,2696782.2,4683522.2,-3839600.8,April 2006,1514629.8,,4,2006
2006-05-01,241133.3,852357.6,,8761.3,,2351085.9,611224.3,520662.3,1557909.9,154,,3684404.5,,2078572.2,-1743655.6,2359847.2,5428060.1,-4103502.8,May 2006,1605832.3,,5,2006
2006-06-01,194811.4,797640.4,,360789.4,,2303700.5,602829,514609.1,1702322.4,155,,3911821.5,,2216931.5,-1656988.5,2664489.9,5568810,-4321478.4,June 2006,1694890,,6,2006
2006-07-01,189270.4,796129.9,,-154889.2,,2384795.4,606859.5,511172.6,1743976.9,156,,4109850.4,,2255149.4,-1609205,2229906.1,5719055.4,-3839111.1,July 2006,1854701,,7,2006
2006-08-01,228804.4,838151,,-84417.3,,2542805.2,609346.6,504805.6,1731775.3,157,,4189053.5,,2236580.9,-1311342.5,2458387.9,5500396,-3769730.4,August 2006,1952472.6,,8,2006
2006-09-01,200809.25,815950.15,,-235144.7,,2571678,615140.9,524351.9,1804641.2,158,,4320672.3,,2328993.1,-1398029.9,2336533.4,5718702.3,-3734563.3,September 2006,1991679.2,,9,2006
2006-10-01,141953.05,771464.22,,-894120.9,,2633999.4,629511.2,520905.8,2047428.2,159,,4730662.8,,2568334.1,-1796663.8,1739878.6,6527326.7,-3536542.4,October 2006,2162328.8,,10,2006
2006-11-01,130457.92,799978.93,,-1589697.2,,2652208,669521,567273.6,1867966.2,160,,4557557.2,,2435239.8,-2137042,1062510.8,6694599.2,-3199552.8,November 2006,2122317.4,,11,2006
2006-12-01,195649.76,974903.92,,-1936615.7,,2650821.5,779254.2,650943.6,1629705.3,161,,4027901.7,,2280648.9,-2279957.6,714205.7,6307859.3,-2994163.3,December 2006,1747252.8,,12,2006
2007-01-01,122727.72,827891.53,,-2598554.7,,2336212,705163.8,601410.1,1575809,162,,3900134.7,,2177219.2,-3179135.8,-262342.7,7079270.5,-2916793.1,January 2007,1722915.6,,1,2007
2007-02-01,96786.01,801370.8,,-2469053.1,,2371289.9,704584.8,604116.9,1648878.3,163,,4122142,,2252995.2,-2629909.9,-97763.2,6752051.9,-2532146.7,February 2007,1869146.8,,2,2007
2007-03-01,113839.48,841250.7,,-2508626.6,,3048942.3,727411.2,593302.2,2009130.2,164,,4798317.4,,2602432.4,-2199623.4,540315.8,6997940.8,-2739939.2,March 2007,2195884.9,,3,2007
2007-04-01,130008.38,896020.1,,-2754698,,3211551,766011.7,609486.8,2239922.6,165,,5052863.3,,2849409.4,-2040995.1,456853,7093858.4,-2497848.1,April 2007,2203453.9,,4,2007
2007-05-01,288690.29,1031500.71,,-2436619.1,,3425313.2,742810.4,565350,1993337.5,166,,4909220.6,,2558687.5,-2412925.4,988694.1,7322146,-3401619.5,May 2007,2350533.1,,5,2007
2007-06-01,143345.6,858301.17,,-2615012,,3503723,714955.6,525742.5,2113318.5,167,,5116246.7,,2639061,-2517165.9,888710.9,7633412.6,-3405876.8,June 2007,2477185.7,,6,2007
2007-07-01,221031.71,935374.78,,-2742458,,3829247.1,714343.1,519114.3,2231392.2,168,,5130160.2,,2750506.5,-1875751.4,1086789.1,7005911.5,-2962540.5,July 2007,2379653.6,,7,2007
2007-08-01,224476.14,942180.62,,-2495428.9,,3909449.7,717704.5,523997,2348269.8,169,,5550488.3,,2872266.8,-1178779.8,1414020.8,6729268,-2592800.6,August 2007,2678221.5,,8,2007
2007-09-01,244970,967276.92,,-2462861,,4203169.5,722306.9,543386.4,2495221.5,170,,5672622.4,,3038607.9,-1304648.4,1740308.5,6977270.9,-3044956.9,September 2007,2634014.5,,9,2007
2007-10-01,185136.02,940779.37,,-2625690.8,,4415556.4,755643.4,571347.8,2367525.4,171,,5585227.8,,2938873.1,-1600485.6,1789865.7,7185713.4,-3390351.3,October 2007,2646354.6,,10,2007
2007-11-01,300891.63,1091068.72,,-2197226.5,,4712718.9,790177.1,634096.7,2321006.9,172,,5881558.6,,2955103.6,-1216563.3,2515492.5,7098122,-3732055.8,November 2007,2926455.1,,11,2007
2007-12-01,234497.5,1195271.94,,-2368484.4,,5056720.9,960774.4,737867.2,2378404.9,173,,5809826.5,,3116272.1,-1456685.6,2688236.5,7266512.1,-4144922.1,December 2007,2693554.3,,12,2007
2008-01-01,184369.68,1050304.69,,-2419584.3,,5338434.8,865935,667987.7,2804120,174,,6527673,,3472107.6,-918813.2,2918850.5,7446486.3,-3837663.7,January 2008,3055565.4,,1,2008
2008-02-01,199235.13,1065912.73,,-2456442.8,,5739400.7,866677.6,687552.1,3095799.9,175,,7016468.5,,3783352,-642887.5,3282957.9,7659356.1,-3925845.4,February 2008,3233116.5,,2,2008
2008-03-01,308226.13,1200043.02,,-2501996.3,,5964326.8,891816.9,662789.6,3883349,176,,7998232.8,,4546138.6,6610.1,3462330.5,7991622.8,-3455720.4,March 2008,3452094.2,,3,2008
2008-04-01,259935.5,1158839.25,,-2895186.4,,6494209.4,898903.7,674770.1,3380826.9,177,,7805093.5,,4055597.1,-352011.1,3599023,8157104.6,-3951034.1,April 2008,3749496.5,,4,2008
2008-05-01,325422.71,1242324.87,,-3094241.2,,6787458.9,916902.2,660155.2,3333117.4,178,,7546333.7,,3993272.6,-602008.1,3693217.7,8148341.8,-4295225.8,May 2008,3553061.1,,5,2008
2008-06-01,599486.57,1517769.45,,-2716445.3,,6754681.6,918282.9,673055.4,3655456.3,179,,7948368.8,,4328511.7,-367868.4,4038236.3,8316237.2,-4406104.7,June 2008,3619857.2,,6,2008
2008-07-01,342370.24,1279228.72,,-2433993,,7341118.3,936858.5,705084.4,3393877.8,180,,8067591.2,,4098962.2,35067.8,4907125.3,8032523.5,-4872057.5,July 2008,3968629.1,,7,2008
2008-08-01,325553.78,1273816.46,,-2986658.7,,7425092.4,948262.7,727003.6,3537857,181,,8335290.5,,4264860.6,-125881.2,4438433.7,8461171.7,-4564314.9,August 2008,4070429.9,,8,2008
2008-09-01,270847.16,1247209.47,,-3230039.3,,7474666.4,976362.3,756786,3765004.3,182,,8960287.7,,4521790.3,436806.8,4244627.1,8523481,-3807820.3,September 2008,4438497.4,,9,2008
2008-10-01,285793.03,1251929.91,,-3439071.7,,7693775.4,966136.9,743153.1,3492657.8,183,,8339115.5,,4235811,363380.5,4254703.7,7975734.9,-3891323.2,October 2008,4103304.5,,10,2008
2008-11-01,296335.98,1284518.46,,-3635992.3,,7973271.5,988182.5,744343.6,3524640.3,184,,8387156.7,,4268983.9,753444.8,4337279.2,7633712,-3583834.4,November 2008,4118172.8,,11,2008
2008-12-01,393758.48,1549093.03,,-3107688.6,,8059548.9,1155334.6,892675.6,3964636.7,185,,9166835.3,,4857312.2,616405,4951860.3,8550430.3,-4335455.3,December 2008,4309523.1,,12,2008
2009-01-01,422209.24,1486824.34,,-3506931.1,,8508579.5,1064615.1,839198.1,3885688.4,186,,9294035.9,,4724886.5,1409336.1,5001648.4,7884699.9,-3592312.3,January 2009,4569149.5,,1,2009
2009-02-01,331185.71,1355386.31,,-4143119.9,,8467978.1,1024200.6,814931.3,3844076.5,187,,9087967,,4659007.8,666728.4,4324858.2,8421238.6,-3658129.8,February 2009,4428959.2,,2,2009
2009-03-01,346274.24,1384040.39,,-3605924.4,,8226442.6,1037766.1,804073.3,3862641.7,188,,8997817.3,,4666715,892485,4620518.2,8105332.2,-3728033.2,March 2009,4331102.3,,3,2009
2009-04-01,457883.69,1506021.1,,-3341698,,8379909,1048137.4,823772.5,3745892,189,,9001008.1,,4569664.6,1037216.4,5038211.1,7963791.8,-4000994.7,April 2009,4431343.5,,4,2009
2009-05-01,354442.97,1381358.41,,-3262697.1,,8509346.3,1026915.4,764389.7,3558066.8,190,,8720581.4,,4322456.5,1087131.9,5246649.1,7633449.6,-4159517.2,May 2009,4398124.9,,5,2009
2009-06-01,284894.35,1291493.2,,-3150018.1,,8556944.7,1006598.9,746463.8,3738151.9,191,,9077026.5,,4484615.7,1433419.4,5406926.5,7643607.1,-3973507.1,June 2009,4592410.8,,6,2009
2009-07-01,202523.07,1210805.45,,-3302158.3,,9026074.5,1008282.4,766880,3536908.6,192,,8889358.8,,4303788.6,1335364.7,5723916.2,7553994.1,-4388551.5,July 2009,4585570.2,,7,2009
2009-08-01,220079.87,1239508.04,,-3280802.2,,9675017.7,1019428.2,759861.6,3755488.4,193,,9475324.9,,4515350,1960644.7,6394215.5,7514680.2,-4433570.8,August 2009,4959974.8,,8,2009
2009-09-01,230121.58,1261973.6,,-2957111.8,,9811363.3,1031852,778724.6,3554775.5,194,,9458490.2,,4333500.1,2571625.7,6854251.4,6886864.6,-4282625.7,September 2009,5124990.2,,9,2009
2009-10-01,774811.99,1794947.13,,-2722121.4,,9853616.2,1020135.1,781323.9,3609322.5,195,,9911551.3,,4390646.4,2655420.6,7131494.8,7256130.8,-4476074.2,October 2009,5520905,,10,2009
2009-11-01,274893.19,1383510.44,,-2565242.4,,9989981.5,1108617.3,851394.4,3870502.2,196,,10239558.4,,4721896.7,2762277.4,7424739,7477281,-4662461.6,November 2009,5517661.7,,11,2009
2009-12-01,472318.05,1653859.98,0,-2356694.72,770038.26,10219336.11,1181541.93,927236.44,4089879.48,197,-3126732.97,10780627.14,10780627.14,5017115.93,3187305.32,7862641.39,7593321.82,-4675336.07,December 2009,5763511.22,,12,2009
2010-01-01,579600.22,1647806.04,32043.35,-2333484.88,697288.95,10081998.31,1068205.82,820528.05,3820390.97,198,-3030773.83,10446373.94,10478417.29,4640919.02,3061160.41,7748513.42,7417256.87,-4687353.01,January 2010,5805454.91,,1,2010
2010-02-01,689330.25,1738741.4,0,-2024593.12,722324.11,10069461.14,1049411.15,812132.66,3988583.97,199,-2746917.23,10792645.17,10792645.17,4800716.63,3494508.3,8044868.02,7298136.87,-4550359.72,February 2010,5991928.55,,2,2010
2010-03-01,724432.59,1810889.99,0,-1782248.4,984107.14,10050671.9,1086457.41,833557.39,4132896.48,200,-2766355.53,11023312.97,11023312.97,4966453.87,3773681.12,8268423.51,7249631.85,-4494742.39,March 2010,6056859.1,,3,2010
2010-04-01,443940.27,1516546.61,0,-1914158.76,840704.81,10079225.2,1072606.34,831289.93,4211998.76,201,-2754863.57,10972487.61,10972487.61,5043288.69,3963629.01,8165066.44,7008858.6,-4201437.43,April 2010,5929198.92,,4,2010
2010-05-01,478040.16,1534788.53,0,-1465783.35,1129281.79,10026969.06,1056748.38,817431.62,4200838.4,202,-2595065.14,10759314.65,10759314.65,5018270.02,4157901.24,8561185.71,6601413.41,-4403284.47,May 2010,5741044.63,,5,2010
2010-06-01,471479.35,1535112.35,42495.65,-1585921.87,886294.27,10102817.5,1063633,795412.07,4122577.85,203,-2472216.14,10845498.1,10887993.74,4917989.92,4403234.73,8516895.63,6484759.01,-4113660.9,June 2010,5927508.17,,6,2010
2010-07-01,581960.08,1658882.16,0,-1566914.03,977627.56,9910705.58,1076922.08,805680.2,4152669.49,204,-2544541.58,10941435.3,10941435.3,4958349.69,4358390.69,8343791.55,6583044.61,-3985400.86,July 2010,5983085.61,,7,2010
2010-08-01,658237.91,1752945.76,0,-952896.42,1307453.15,10113201.39,1094707.85,822229.61,4600272.66,205,-2260349.56,11520644.68,11520644.68,5422502.27,4993726.54,9160304.97,6526918.14,-4166578.43,August 2010,6098142.41,,8,2010
2010-09-01,218929.69,1344324.61,0,-1323996.29,823202.37,10336114.78,1125394.92,880864.17,4375026.63,206,-2147198.66,11224789.77,11224789.77,5255890.8,4770825.8,9012118.49,6453963.97,-4241292.69,September 2010,5968898.97,,9,2010
2010-10-01,285182.05,1438353.3,0,-1219137.51,998764.62,10534365.85,1153171.25,874894.07,4457855.73,207,-2217902.13,11224607.28,11224607.28,5332749.8,4976851.41,9315228.34,6247755.87,-4338376.93,October 2010,5891857.48,,10,2010
2010-11-01,223184.36,1450823.47,0,-1422322.59,1051442.98,10748379.34,1227639.1,892330.1,4381912.05,208,-2473765.57,11142651.36,11142651.36,5274242.15,4815551.03,9326056.75,6327100.32,-4510505.72,November 2010,5868409.21,,11,2010
2010-12-01,467580.09,1845714.52,0,-1331697.66,1412726.01,9830344.08,1378134.43,1082295.07,4488974.82,209,-2744423.67,11525530.34,11525530.34,5571269.89,5018911.76,8498646.42,6506618.59,-3479734.66,December 2010,5954260.45,,12,2010
2011-01-01,354458.6,1694893.64,157512.16,-835866.88,1856586.67,9416706.89,1340435.04,1033447.93,4533626.93,210,-2692453.55,11561525.95,11719038.11,5567074.86,5318486.76,8580840.01,6400551.35,-3262353.26,January 2011,5994451.09,,1,2011
2011-02-01,484083.96,1820891.35,47860.34,-867211.05,2026151.32,9178289.55,1336807.39,1024650.79,4364478.92,211,-2893362.37,11595668.3,11643528.65,5389129.71,4918033.63,8311078.5,6725495.02,-3393044.88,February 2011,6206538.59,,2,2011
2011-03-01,289537.4,1705916.44,86367.45,-1450519.04,1910850.79,9446946.32,1416379.04,1112684.15,4311833.05,212,-3361369.83,11653623.81,11739991.26,5424517.2,4751913.16,7996427.28,6988078.1,-3244514.12,March 2011,6229106.61,,3,2011
2011-04-01,203957.73,1696236.6,0,-995077.17,1590371.19,9900034.16,1492278.87,1141065.57,4475556.72,213,-2585448.36,11898956.66,11898956.66,5616622.3,5624424.96,8904956.99,6274531.7,-3280532.03,April 2011,6282334.36,,4,2011
2011-05-01,349118.35,1750908.77,0,-1090788.89,1455438.37,9849248.71,1401790.42,1055213.67,4495873.78,214,-2546227.26,11986234.87,11986234.87,5551087.44,5629149.22,8758459.82,6357085.65,-3129310.6,May 2011,6435147.42,,5,2011
2011-06-01,711073.73,2065056.34,0,-1262213.19,1422618.67,9957949.88,1353982.61,1016449.92,4620814.62,215,-2684831.86,12172096.71,12172096.71,5637264.54,5718406.45,8695736.7,6453690.26,-2977330.25,June 2011,6534832.17,,6,2011
2011-07-01,825779.29,2169931.58,77511.28,-2031258.6,1210727.5,9951814.4,1344152.29,1040301.63,4828016.43,216,-3241986.09,12389274.84,12466786.12,5868318.06,4960755.68,7920555.81,7506030.43,-2959800.12,July 2011,6520956.78,,7,2011
2011-08-01,462248.63,1842515.11,309386.82,-1194344.95,1583135.65,10884226.39,1380266.48,1061092.08,4810139.64,217,-2777480.6,12508014.99,12817401.81,5871231.72,5841035.48,9689881.44,6976366.33,-3848845.95,August 2011,6636783.27,,8,2011
2011-09-01,565881.34,1908239.37,434381.51,-1215856,1802759.77,11110737.01,1342358.03,1011756.22,4990503.92,218,-3018615.77,12618080.33,13052461.84,6002260.13,6382695.79,9894881.01,6669766.05,-3512185.22,September 2011,6615820.2,,9,2011
2011-10-01,1006624.79,2365592.76,538077.97,-1868707.18,1880084.09,11638425.34,1358967.97,1037603.52,4760594.86,219,-3748791.27,12172500.07,12710578.05,5798198.38,5986064.21,9769718.16,6724513.83,-3783653.95,October 2011,6374301.7,,10,2011
2011-11-01,951232.06,2342193.14,952857.08,-1555333.37,1480900.89,12402891.55,1390961.08,1069397.15,4703824.81,220,-3036234.26,12210412.37,13163269.45,5773221.95,6540035.85,10847558.18,6623233.6,-4307522.33,November 2011,6437190.41,,11,2011
2011-12-01,1218018.99,2784065.43,1003283.81,-1030722.73,2205392.84,14183591.82,1566046.44,1245135.35,5526446.14,221,-3236115.57,13303494.5,14306778.31,6771581.49,7168105.53,13152869.08,7138672.78,-5984763.55,December 2011,6531913.01,,12,2011
2012-01-01,1213292.91,2689361.74,931537.77,-1479265.09,1748615.39,14641551.03,1476068.83,1093734.03,5733171.36,222,-3227880.48,13755293.22,14686830.99,6826905.39,7273213.82,13162285.95,7413617.17,-5889072.12,January 2012,6928387.83,,1,2012
2012-02-01,1321339.51,2759956.28,1299058.09,-1160964.87,1997110.9,14010812.38,1438616.76,1081680.93,5338922.12,223,-3158075.77,13153787.49,14452845.58,6420603.05,7218249.04,12849847.5,7234596.54,-5631598.46,February 2012,6733184.44,,2,2012
2012-03-01,1094769.7,2527604.31,1890278.46,-854957.14,2009222.25,14119886.08,1432834.61,1141350.39,5381589.99,224,-2864179.39,13270973.81,15161252.27,6522940.37,7854529.17,13264928.94,7306723.1,-5410399.78,March 2012,6748033.43,0,3,2012
2012-04-01,1167095.62,2589534.35,1804342.27,-1256292.68,1726267.53,14192622.77,1422438.72,1111098.33,5557726.1,225,-2982560.21,13304783.81,15109126.08,6668824.43,7417067.54,12936330.09,7692058.54,-5519262.56,April 2012,6635959.38,0,4,2012
2012-05-01,1107736.34,2506691.84,1683165.25,-1863509.94,1386251.83,14472588.23,1398955.5,1121583.41,5412920.16,226,-3249761.77,13603139.34,15286304.59,6534503.57,7301494.09,12609078.29,7984810.5,-5307584.2,May 2012,7068635.77,0,5,2012
2012-06-01,1148244.59,2511975.29,1567980.68,-1681604.73,1411043.5,14701058.4,1363730.71,1088325.98,5508400.4,227,-3092648.24,13480391.26,15048371.94,6596726.38,7528785.06,13019453.66,7522255.04,-5490668.61,June 2012,6883664.88,,6,2012
2012-07-01,1592029.29,2954633.66,1322068.63,-1999193.85,1337884.48,14845383.35,1362604.36,1076822.24,5326965.32,228,-3347621.51,13392426.38,14714495.01,6403787.56,6898626.05,12846189.5,7815868.96,-5947563.45,July 2012,6988638.82,0,7,2012
2012-08-01,1702140.91,3070377.66,965839.15,-1982468.02,854632.97,14707982.09,1368236.75,1080799.99,5163558.38,229,-3134148.81,13770062.26,14735901.41,6244358.37,6666453.82,12725514.07,8069447.59,-6059060.25,August 2012,7525703.89,0,8,2012
2012-09-01,1768972.24,3117810.58,1084362.53,-1867404.16,834488.05,14753999.51,1348838.34,1070172.62,5322282.25,230,-3095017.17,14065267.13,15149629.67,6392454.87,6848102.69,12886595.34,8301526.97,-6038492.65,September 2012,7672812.26,0,9,2012
2012-10-01,1582943.77,3041155.66,1894138.79,-1847500.9,1807115.39,14941117.52,1458211.89,1153552.68,5388547.36,231,-3658062.99,14399299.17,16293437.96,6542100.03,7530234.85,13093616.61,8763203.12,-5563381.77,October 2012,7857199.14,0,10,2012
2012-11-01,1549173.08,2980135.44,1983271.22,-1424740.38,1876226.5,15252553.99,1430962.37,1140598.43,5740045.86,232,-3300966.89,15062729.97,17046001.19,6880644.29,8313724.75,13827813.6,8732276.44,-5514088.85,November 2012,8182085.68,0,11,2012
2012-12-01,2072766.4,3704483.55,1004275.3,-2453557.09,483014.69,15151762.15,1631717.16,1301160.63,6119785.55,233,-2936571.78,15483847.53,16488122.84,7420946.19,7444444.15,12698205.05,9043678.68,-5253760.9,December 2012,8062901.35,0,12,2012
2013-01-01,1944302.93,3401482.91,1363168.36,-2502762.38,387506.23,14992713.22,1457179.98,1155720.07,5923025.89,234,-2890268.61,15308392.82,16671561.17,7078745.96,7399849.63,12489950.84,9271711.54,-5090101.21,January 2013,8229646.86,0,1,2013
2013-02-01,2325908.48,3763368.43,1766875.54,-2276494.72,619645.62,15085168.13,1437459.95,1163721.52,5750677.86,235,-2896140.35,15547624.71,17314500.26,6914399.38,7561853.23,12808673.4,9752647.02,-5246820.17,February 2013,8633225.34,0,2,2013
2013-03-01,2402952.89,3911466.2,1777003.12,-2520968.24,61448.49,15261936.09,1508513.31,1242634.18,5695898.32,236,-2582416.74,15669169.15,17446172.27,6938532.49,7760297.13,12740967.85,9685875.14,-4980670.72,March 2013,8730636.66,0,3,2013
2013-04-01,1965497.34,3435630.99,2158029.55,-2202764.55,41686.15,15408175.43,1470133.64,1185309.97,5590867.45,237,-2244450.69,15634382.05,17792411.6,6776177.42,8234581.48,13205410.88,9557830.12,-4970829.4,April 2013,8858204.63,0,4,2013
2013-05-01,1974403.02,3432056.76,2378904.82,-2249527.38,-151655.32,15485229.91,1457653.74,1160609.9,5583944.64,238,-2097872.06,15424052.62,17802957.44,6744554.53,8398336.88,13235702.52,9404620.55,-4837365.64,May 2013,8679498.09,0,5,2013
2013-06-01,1810645.09,3236152.86,2184603.65,-2542654.43,11665.09,15692036.93,1425507.77,1127804.88,5811744.33,239,-2554319.53,15593172.51,17777776.16,6939549.21,8613346.01,13149382.49,9164430.15,-4536036.48,June 2013,8653623.3,0,6,2013
2013-07-01,2416662.52,3873945.44,3273483.47,-1975740.91,-55461.88,15796614.39,1457282.93,1141568.91,5380984.01,240,-1920279.03,14811429.8,18084913.27,6522552.92,9177213.19,13820873.48,8907700.09,-4643660.29,July 2013,8288876.88,0,7,2013
2013-08-01,2784267.48,4227605.62,2936900.14,-2913532.85,-943920.05,16101212.81,1443338.14,1152577.36,5117764.89,281,-1969612.81,14619449.23,17556349.38,6270342.25,8562841.76,13187679.95,8993507.62,-4624838.19,August 2013,8349106.98,0,8,2013
2013-09-01,3175942.85,4649991.76,2832005.11,-3191362.4,-1132368.89,16279269.64,1474048.92,1168176.7,5125300.03,282,-2058993.51,14362451.07,17194456.18,6293476.73,8270929.7,13087907.24,8923526.48,-4816977.55,September 2013,8068974.34,0,9,2013
2013-10-01,2961974.61,4511510.83,3130398.65,-2649138.72,-699412.14,16276436.03,1549536.22,1249515.16,5210490.02,283,-1949726.58,14529508,17659906.65,6460005.18,8762849.84,13627297.31,8897056.81,-4864447.47,October 2013,8069502.82,0,10,2013
2013-11-01,2892050.68,4463085.48,3282441.15,-2358883.29,-452992.79,16451787.69,1571034.8,1298533.8,5079505.03,284,-1905890.5,14734882.8,18017323.95,6378038.83,9336455.47,14092904.4,8680868.48,-4756448.93,November 2013,8356843.98,0,11,2013
2013-12-01,3313831.64,5090244.76,3308086.42,-1656265.28,174406.66,16191470,1776413.12,1446660.4,5586178.35,285,-1830671.94,15688963.55,18997049.97,7032838.75,10338400.23,14535204.72,8658649.73,-4196804.49,December 2013,8656124.8,0,12,2013
2014-01-01,3333091.64,4921167.94,3107077.29,-478512.55,184144.96,16064255.31,1588076.3,1332886.42,5449129.73,286,-662657.51,15493689.5,18600766.79,6782016.15,11195809.34,15585742.76,7404957.45,-4389933.42,January 2014,8711673.35,0,1,2014
2014-02-01,3174743.2,4732370.92,2676495.71,-712493.7,83157.37,16394059.55,1557627.71,1257922.74,5481481.02,287,-795651.07,15424175.17,18100670.89,6739403.75,11375283.97,15681565.85,6725386.92,-4306281.87,February 2014,8684771.42,0,2,2014
2014-03-01,3091825.85,4665783.45,2840782.1,1648444.65,2531953.15,16452304.89,1573957.6,1285836.46,6332073.05,288,-883508.5,17732918.56,20573700.65,7617909.51,13964621.22,18100749.54,6609079.43,-4136128.32,March 2014,10115009.04,0,3,2014
2014-04-01,3773515.93,5342756.63,2588206.74,1176186.91,2424202.5,16713605.54,1569240.7,1282947.43,6394160.41,289,-1248015.59,17886647.83,20474854.57,7677107.83,13742956.6,17889792.44,6731897.97,-4146835.84,April 2014,10209540,0,4,2014
2014-05-01,3605870.04,5123110.28,2513780.7,734152.81,2224841.55,16698019.09,1517240.24,1254613.79,6094067.12,290,-1490688.74,17622558.39,20136339.09,7348680.91,13464816.38,17432171.9,6671522.71,-3967355.52,May 2014,10273877.48,0,5,2014
2014-06-01,3289613.96,4786356.02,3026352.21,-238488.87,2092823.5,16927982.57,1496742.06,1211563.93,5884873.12,291,-2331312.37,17576640.3,20602992.5,7096437.05,12929895.93,16689493.7,7673096.58,-3759597.77,June 2014,10480203.25,0,6,2014
2014-07-01,3265492.77,4833288.2,3188037.66,169214.44,2488484.65,17234108.32,1567795.42,1282794.86,5936121.56,292,-2319270.21,18102242.84,21290280.49,7218916.42,13340247.44,17403322.76,7950033.06,-4063075.33,July 2014,10883326.42,0,7,2014
2014-08-01,3290684.51,4791799.15,3218821.76,173965.83,2338476.65,17407870.79,1501114.64,1254603.91,5805415.93,293,-2164510.82,17898902.47,21117724.23,7060019.84,13579136.14,17581836.62,7538588.09,-4002700.48,August 2014,10838882.63,0,8,2014
2014-09-01,3395126.35,4943049.28,3297598.33,274278.55,2447145.01,17694079.26,1547922.93,1299481.66,6053095.19,294,-2172866.46,18200156.68,21497755.01,7352576.84,13918971.47,17968357.81,7578783.54,-4049386.34,September 2014,10847579.84,0,9,2014
2014-10-01,3611362.03,5144971.51,2905888.02,902223.72,2997026.22,17790060.21,1533609.48,1263309.86,5997726.41,295,-2094802.5,18496197.88,21402085.91,7261036.27,14596380.94,18692283.93,6805704.96,-4095902.99,October 2014,11235161.61,0,10,2014
2014-11-01,3552333.95,5130223.3,2842402.26,942124.71,3116383.71,18075011.25,1577889.36,1319192.86,5764928.62,296,-2174259.01,18804279.94,21646682.2,7084121.49,14680579.78,19017135.96,6966102.42,-4336556.18,November 2014,11720158.45,0,11,2014
2014-12-01,4132967.09,5930945.96,2333312.45,1147707.24,3169119.88,18126049.46,1797978.87,1437397.09,5467394.32,297,-2021412.64,18913028.98,21246341.43,6904791.41,14292126.66,19273756.71,6954214.77,-4981630.05,December 2014,12008237.57,0,12,2014
2015-01-01,3781836.45,5443529.29,2709439.84,1973084.7,3613324.72,18175630.65,1661692.84,1395391.85,5713653.45,298,-1640240.01,18965533.5,21674973.34,7109045.29,15390912.69,20148715.36,6284060.65,-4757802.66,January 2015,11856488.21,0,1,2015
2015-02-01,4052730.73,5675431.79,2534109.77,1732411.48,3377695.14,18752744.39,1622701.06,1302042.17,5422548.41,299,-1645283.66,18865922.34,21400032.11,6724590.58,14614004.78,20485155.87,6786027.32,-5871151.08,February 2015,12141331.77,,2,2015
2015-03-01,4088757.81,5907178.23,2582078.76,1985433.66,3637854.05,18650338.34,1818420.42,1471129.47,5512793.91,300,-1652420.4,19132363.3,21714442.06,6983923.39,14926619.84,20635772,6787822.21,-5709152.15,March 2015,12148439.91,,3,2015
2015-04-01,3773510.6,5342751.3,2256491.98,1590233.23,2839468.57,18400346.87,1569240.7,1188953.65,5996285.06,301,-1249235.34,19608078.85,21864570.84,7185238.71,15788662.48,19990580.1,6075908.35,-4201917.61,April 2015,12422840.15,,4,2015
2015-05-01,4491990.36,6163325.53,2661422.78,2363590.67,4029558.35,18678676.25,1671335.16,1315061.21,5357175.66,302,-1665967.68,19196565.14,21857987.92,6672236.87,15571787.27,21042266.92,6286200.65,-5470479.65,May 2015,12524328.27,,5,2015
2015-06-01,4383416.01,5945762.09,2865766.04,2511101.09,4132606.05,18898673.11,1562346.08,1183988.38,5358403.82,303,-1621504.95,18811429.4,21677195.44,6542392.2,15725742.54,21409774.2,5951452.9,-5684031.66,June 2015,12269037.2,,6,2015
2015-07-01,4356872.12,5931397.44,3094436.48,2875906.72,4287772.98,18666640.56,1574525.32,1184538.98,5286518.21,304,-1411866.26,18424703.08,21519139.56,6471057.2,15832084.02,21542547.27,5687055.54,-5710463.25,July 2015,11953645.89,,7,2015
2015-08-01,4351058.09,5895617.74,2944019.48,2760460.28,4080019.61,18632551.25,1544559.65,1146928.16,5822663.36,305,-1319559.33,18491571.96,21435591.43,6969591.52,15937450.78,21393011.53,5498140.65,-5455560.74,August 2015,11521980.43,,8,2015
2015-09-01,4150776.7,5788272.31,2612229.67,2786333.52,4223071.65,18733456.59,1637495.61,1218953.1,5929639.57,306,-1436738.13,18718003.11,21330232.78,7148592.67,16247111.67,21519790.11,5083121.11,-5272678.44,September 2015,11569410.44,,9,2015
2015-10-01,3986157.96,5546543.52,2036054.52,2260614.98,3633795.8,19087990.03,1560385.57,1202026.88,5487619,307,-1373180.81,18204395.78,20240450.31,6689645.87,15618299.93,21348605.01,4622150.37,-5730305.07,October 2015,11514749.91,,10,2015
2015-11-01,4006418.98,5639628.98,1712702.36,1762749.37,4117205.78,18708054.09,1633210,1260671.36,5719825.39,308,-2354456.41,18367238.54,20079940.89,6980496.75,14792697.44,20470803.46,5287243.46,-5678106.03,November 2015,11386741.79,,11,2015
2015-12-01,3954802.55,5812744.35,1689029.17,2891946.66,4473982.44,18720505.43,1857941.79,1456096.85,7115604.46,309,-1582035.78,20029831.12,21718860.28,8571701.3,16065539.91,21612452.09,5653320.37,-5546912.18,December 2015,11458129.82,,12,2015
2016-01-01,3683657.98,5751089.78,1873470.4,3417394.76,4814481.41,18940748.56,1725128.38,1378027.66,6872745.65,310,-1397086.65,19799457.54,21672927.94,8250773.31,16280318.61,22358143.32,5392609.33,-6077824.71,January 2016,11548684.23,342303.42,1,2016
2016-02-01,3043259.88,5097186.8,1903091.43,3516381.23,4899956.16,19052304.48,1711623.51,1377480.38,7689232.81,311,-1383574.93,20620803.08,22523894.51,9066713.19,17052542.6,22568685.71,5471351.91,-5516143.11,February 2016,11554089.9,342303.42,2,2016
2016-03-01,3609546.75,5760440.64,1939268.65,3781378.71,4990047.09,18883437.04,1811090.48,1441365.03,7599452.65,312,-1208668.38,20470436,22409704.65,9040817.68,16857990.38,22664815.74,5551714.27,-5806825.37,March 2016,11429618.32,339803.42,3,2016
2016-04-01,3484336.76,5587673.34,2074302.26,3932580.4,5162041.9,19379765.77,1763533.17,1444375.23,7691693.23,313,-1229461.5,20727909.47,22802211.73,9136068.46,17756263.8,23312346.17,5045947.93,-5556082.37,April 2016,11591841.01,339803.42,4,2016
2016-05-01,3410187.18,5496708.45,2013574.91,4031554.4,5334571.49,19039353.4,1746717.85,1393665.94,8311424.4,314,-1303017.09,21035132.36,23048707.28,9705090.34,17841957.37,23070907.8,5206749.9,-5228950.42,May 2016,11330042.03,339803.42,5,2016
2016-06-01,3347477.14,5371863.68,1935548.71,3171443.45,5281575.98,21452183.25,1684583.12,1379045.17,8139936.23,315,-2110132.53,22078013.46,24013562.17,9518981.39,16907898.7,24623626.7,7105663.47,-7715728,June 2016,12559032.07,339803.42,6,2016
2016-07-01,3266151.19,5270612.89,2083869.08,3004853.09,5237429.02,22419746.02,1664658.29,1374099.78,8209836.25,316,-2232575.93,22535192.76,24619061.84,9583936.03,17055184.67,25424599.11,7563877.17,-8369414.44,July 2016,12951256.73,339803.42,7,2016
2016-08-01,3196170.11,5215450.81,3697284.21,3550157.12,5858573.89,22806119.16,1679477.28,1369515.48,8166057.59,317,-2308416.77,22057000.95,25754285.16,9535573.07,18403478.75,26356276.28,7350806.41,-7952797.52,August 2016,12521427.88,339803.42,8,2016
2016-09-01,3063016.9,5197108.16,3987679.53,3514975.12,5982434.66,22739685.84,1794287.84,1477436.25,8352251.78,318,-2467459.54,22013780.89,26001460.42,9829688.04,18259176.79,26254660.96,7742283.63,-7995484.17,September 2016,12184092.85,339803.42,9,2016
2016-10-01,3036613.06,5202080.99,4226547.69,3520265.44,6058148.7,23180458.06,1825664.51,1521797.77,8406378.68,319,-2537883.26,22180072.3,26406619.99,9928176.45,18785376.31,26700723.5,7621243.68,-7915347.19,October 2016,12251895.85,339803.42,10,2016
2016-11-01,3110191.3,5357858.56,4685723.05,3579216.77,5983895,23116648.95,1907863.84,1587050.61,8845624.11,320,-2404678.23,22386048.43,27071771.48,10432674.72,19074833.28,26695865.72,7996938.19,-7621032.43,November 2016,11953373.71,339803.42,11,2016
2016-12-01,3323939.15,5847916.84,4910154.8,4875570.3,6930205.46,21982149.04,2179174.28,1820415.9,9451090.92,321,-2054635.16,23591732.58,28501887.38,11271506.82,19352228.09,26857719.34,9149659.29,-7505491.25,December 2016,12320225.75,344803.42,12,2016
2017-01-01,3311609.44,5650990.48,5382122.96,4629967.24,6411045.68,21878063.18,1994577.62,1631014.74,9352283.79,322,-1781078.44,23096526.55,28478649.51,10983298.53,19005647.02,26508030.42,9473002.48,-7502383.4,January 2017,12113228.02,344803.42,1,2017
2017-02-01,3234760.81,5558451.16,5513085.26,4977649.78,6534102.46,22231693.64,1978886.94,1612071.59,8445882.91,323,-1556452.67,22210954.84,27724040.1,10057954.5,19746640.86,27209343.43,7977399.24,-7462702.57,February 2017,12153000.34,344803.42,2,2017
2017-03-01,3309947.53,5643384.01,5666822.17,5303542.02,6533018.62,22371829.92,1983633.07,1661015.33,8573516.26,324,-1229476.59,22304267.84,27971090.01,10234531.59,20342546.55,27675371.94,7628543.46,-7332825.39,March 2017,12069736.25,349803.42,3,2017
2017-04-01,3536407.29,5862023.02,5848971.76,5270202.59,6863997.98,22244134.26,1975812.32,1606576.52,8209102.97,325,-1593795.38,21768241.12,27617212.88,9815679.49,20347360.25,27514336.86,7269852.64,-7166976.61,April 2017,11952561.64,349803.42,4,2017
2017-05-01,3254006.25,5501726.82,5991546.92,4811650.01,6870456.31,22025122.45,1897917.15,1520624.47,8736706.95,326,-2058806.3,22047770.68,28039317.59,10257331.42,19499233.11,26836772.47,8540084.49,-7337539.36,May 2017,11790439.26,349803.42,5,2017
2017-06-01,3256863.2,5480210.61,6338696.6,5250486.41,7295028.32,21985947.18,1873544,1477147.44,8713043.48,327,-2044541.91,21980582.35,28319278.95,10190190.92,19851198.34,27236433.6,8468080.62,-7385235.26,June 2017,11790391.44,349803.42,6,2017
2017-07-01,3445672.02,5565225.9,7294579.22,5861018,7562425.09,22172366.6,1769750.47,1442158.61,8878523.14,328,-1701407.08,22195019.77,29489598.98,10320681.74,20745910.9,28033384.6,8743688.09,-7287473.71,July 2017,11874338.03,349803.42,7,2017
2017-08-01,3268266.17,5486804.65,7642490.7,4824226.22,7834536.74,21997220.59,1868735.07,1523239.91,8367573.19,329,-3010310.52,21851454.31,29493945.01,9890813.1,19760954.12,26821446.81,9732990.89,-7060492.69,August 2017,11960641.22,349803.42,8,2017
2017-09-01,3428942.34,5559792.16,7891253.52,4963406.02,7490403.97,22021899.19,1781046.41,1435328.19,8628920,330,-2526997.95,21953993.84,29845247.36,10064248.19,19794752.72,26985305.21,10050494.65,-7190552.49,September 2017,11889745.65,349803.42,9,2017
2017-10-01,3621498.01,5762463.07,8390146.52,5245888.6,7635144.66,21928917.21,1791194.52,1463773.54,8929288.95,331,-2389256.06,22500618.01,30890764.53,10393062.49,18493660.63,27174805.81,12397103.9,-8681145.18,October 2017,12107555.52,349770.54,10,2017
2017-11-01,3429416.61,5675343.67,8032621.59,4392408.33,7620193.14,21956660.2,1896156.51,1553533.07,8561517.24,332,-3227784.8,22311118.02,30343739.6,10115050.31,17046172.47,26349068.54,13297567.14,-9302896.07,November 2017,12196067.71,349770.54,11,2017
2017-12-01,3982296.12,6484296.32,4528950.39,3638893.69,6211583.05,22290658.31,2157229.65,1782664.58,9392909.39,333,-2572689.36,24140634.21,28669584.6,11175573.96,13148823.61,25929552,15520760.99,-12780728.39,December 2017,12965060.24,344770.54,12,2017
2018-01-01,3777043.63,6067258.36,4244895.95,3971062.07,6009706.41,21993431.04,1945444.2,1587947.98,9323111.54,334,-2038644.34,23963031.48,28207927.43,10911059.53,12616409.53,25964493.11,15591517.9,-13348083.58,January 2018,13051971.95,344770.54,1,2018
2018-02-01,4171967.7,6454075.7,5510105.18,4596990.16,6149102.33,22500911.48,1937337.46,1570981.99,9283797.77,335,-1552112.17,24143010.28,29653115.46,10854779.76,14620685,27097901.65,15032430.46,-12477216.65,February 2018,13288230.52,344770.54,2,2018
2018-03-01,4371641.49,6755736.4,4687587.81,4077433.87,6141049.97,22363228.18,2039324.37,1668378.21,9365598.17,336,-2063616.1,24424422.14,29112009.95,11033976.38,12795162.03,26440662.05,16316847.92,-13645500.02,March 2018,13390445.76,344770.54,3,2018
2018-04-01,4230706.58,6532696.43,4581096.29,4986326.81,6232356.42,22276488.79,1957219.31,1599176.1,9024972.01,337,-1246029.61,24474153.99,29055250.29,10624148.11,13192838.04,27262815.6,15862412.24,-14069977.56,April 2018,13850005.88,344770.54,4,2018
2018-05-01,4492186.03,6767652.1,4706526.75,3029133.21,6389020.08,22206743.91,1930695.53,1577522.02,9648791.07,338,-3359886.87,25169014.19,29875540.94,11226313.09,11578403.22,25235877.12,18297137.72,-13657473.9,May 2018,13942701.1,344770.54,5,2018
2018-06-01,4115025.96,6360468.37,4529825.03,2805008.21,6549350.73,22281866.53,1900671.87,1519902.32,9181207.68,339,-3744342.53,24814004.52,29343829.54,10701110,11006297.08,25086874.73,18337532.47,-14080577.65,June 2018,14112894.51,344770.54,6,2018
2018-07-01,4453033.88,6622663.38,4542431.4,3236115.48,6478687.38,22261209.87,1824826.08,1468302.07,9199700,340,-3242571.9,24971101.93,29513533.33,10668002.07,11728638.76,25497325.35,17784894.58,-13768686.59,July 2018,14303099.86,344803.42,7,2018
2018-08-01,4414971.65,6688519.34,4845468.41,2221228.26,6832258.46,22470241.79,1928744.27,1541554.75,8906602.08,341,-4611030.2,24859346.47,29704814.88,10448156.83,11292882.75,24691470.05,18411932.13,-13398587.3,August 2018,14411189.64,344803.42,8,2018
2018-09-01,4531371.51,6802557.09,5290389.54,3440986.85,7053020.64,22967438.83,1926382.16,1601885.75,9155799.39,342,-3612033.79,25560662.33,30851051.87,10757685.14,12035116.32,26408425.68,18815935.55,-14373309.36,September 2018,14802977.19,344803.42,9,2018
2018-10-01,5027610.63,7328423.46,5984596.17,3756182.62,7262280.61,23138495.84,1956009.42,1601690.67,9639700.7,343,-3506098,26041903.87,32026500.03,11241391.38,13256287.15,26894678.47,18770212.88,-13638391.32,October 2018,14800512.49,344803.42,10,2018
2018-11-01,4366259.05,6811192.37,6392048.48,2980818.93,7125390.36,23095165.17,2100129.91,1712092.85,8976115.81,344,-4144571.43,25467425.55,31859474.03,10688208.65,12869073.24,26075984.1,18990400.78,-13206910.86,November 2018,14779216.89,344803.42,11,2018
2018-12-01,4461219.3,7135729.29,6290673.48,4866094.44,8006625.38,22708224.97,2329706.58,1912975.63,9839582.35,345,-3140530.94,27068575.06,33359248.54,11752557.98,14961431.64,27574319.41,18397816.89,-12612887.76,December 2018,15316017.08,344803.42,12,2018
2019-01-01,5003765.9,7488235.71,6956705.31,5705553.55,8205949.53,22946790.85,2139666.39,1740194.77,9401819.72,346,-2500395.98,26771087.05,33727792.36,11142014.49,15913559.38,28652344.4,17814232.98,-12738785.02,January 2019,15629072.56,344803.42,1,2019
2019-02-01,4580777.61,7166894.51,6313773.28,6355285.12,8715699.88,24165578.02,2241313.48,1840518.75,9189598.72,347,-2360414.77,26546639.71,32860412.99,11030117.47,15837258.03,30520863.14,17023154.96,-14683605.1,February 2019,15516522.24,344803.42,2,2019
2019-03-01,4748251.64,7246275.17,6996258.64,7742158.55,8846438.62,23994737.21,2153220.11,1780611.44,9163264.98,348,-1104280.08,26834815.12,33831073.76,10943876.42,17014271.29,31736895.75,16816802.47,-14722624.46,March 2019,15890938.7,344803.42,3,2019
2019-04-01,5444749.12,7948251.34,7159341.33,8003857.7,9439958.23,24887980.09,2158698.81,1717133.53,9539068.74,349,-1436100.54,27579445.15,34738786.48,11256202.28,17414452.35,32891837.79,17324334.13,-15477385.44,April 2019,16323242.88,344803.42,4,2019
2019-05-01,5698226.7,8154878.54,7072469.66,7312173.99,10013126.64,24882438.34,2111848.42,1705673.25,9678333.94,350,-2700952.65,27813701.61,34886171.27,11384007.19,15786167.38,32194612.34,19100003.89,-16408444.96,May 2019,16429694.42,344803.42,5,2019
2019-06-01,5729582.09,8088459.46,7005223.5,7583241.82,10435252.08,24758239.63,2014073.95,1650867.68,9510382.66,351,-2852010.26,27898828.27,34904051.77,11161250.34,16432810.29,32341481.45,18471241.48,-15908671.16,June 2019,16737577.93,344803.42,6,2019
2019-07-01,5158888.35,7479100.71,7407003.03,9143121.76,10974788.78,24290254.02,2003090.93,1610544.39,9837842.33,352,-1831667.03,28277141.77,35684144.8,11448386.72,18020844.21,33433375.77,17663300.59,-15412531.56,July 2019,16828755.05,317121.43,7,2019
2019-08-01,4641875.31,6977837.11,7658744.42,9453781.5,11133128.32,24819228.41,2018840.38,1653915.06,9576481.27,353,-1679346.82,27556798.88,35215543.3,11230396.33,19513476.89,34273009.9,15702066.4,-14759533.01,August 2019,16326402.55,317121.43,8,2019
2019-09-01,4677530.81,7000253.07,7374356.91,10451819.6,11007043.01,25486509.12,2005600.83,1623865.88,9496933.66,354,-555223.41,27669957.17,35044314.08,11120799.53,21132978.25,35938328.72,13911335.83,-14805350.47,September 2019,16549157.64,317121.43,9,2019
2019-10-01,5074855.4,7447923.38,7638227.77,9089561.72,11288585.87,25848372.48,2055946.55,1697177.33,8920242.81,355,-2199024.16,27811790.84,35450018.61,10617420.14,20716185.48,34937934.2,14733833.13,-14221748.72,October 2019,17194370.7,317121.43,10,2019
2019-11-01,4832968.37,7353364.01,8062756.58,9100341.79,11385706.36,26412742.87,2203274.21,1799096.96,9131475.61,356,-2285364.57,28415371.99,36478128.57,10930572.57,22283524.77,35513084.66,14194603.8,-13229559.89,November 2019,17484799.42,317121.43,11,2019
2019-12-01,6226843.93,8669829.58,5993185.3,9483817.98,0,26694526.84,2442985.64,2022635.29,8510497.13,357,0,28783194.45,34776379.74,10533132.42,28972004.98,36178344.82,5804374.76,1799059.26,December 2019,18250062.01,317234.17,12,2019
2020-01-01,6150049.3,8399818.99,4995807.25,9645254.92,0,26651990.11,2249769.69,1857170.7,8467394.22,358,0,29132380.36,34128187.61,10324564.92,26981064.87,36297245.03,7147122.74,3935376.66,January 2020,18807815.44,317234.17,1,2020
2020-02-01,7452094.17,9639077.57,4230254.16,10352073.72,0,26780120.39,2186983.4,1785788.13,8611984.11,359,0,29719364.53,33949618.7,10397772.25,27849628.73,37132194.11,6099989.97,3503989.37,February 2020,19321592.28,317234.17,2,2020
2020-03-01,7858070.92,10154245.31,4766513.44,10009034.68,0,28422913.43,2296174.39,1890837.23,9216164.6,360,0,31010122.07,35776635.5,11107001.84,28183415.81,38431948.11,7593219.69,3999287.82,March 2020,19903120.23,317234.17,3,2020
2020-04-01,9951118.55,12258511.1,3917178.78,10710050.78,0,28893877.99,2307392.55,1902609.05,9757261.42,361,0,31958484.85,35875663.63,11659870.47,28998313.17,39603928.78,6877350.46,4003471.96,April 2020,20298614.38,317234.17,4,2020
2020-05-01,10615169.49,12968506.55,3230681.12,9564579.49,0,29349249.05,2353337.05,1975181.9,10578122.12,362,0,32719162.68,35949843.8,12553304.03,27886602.58,38913828.54,8063241.22,4366537.42,May 2020,20165858.66,317234.17,5,2020
2020-06-01,10944554.39,13245386.03,3174471.97,8898424.84,0,29555514.73,2300831.63,1868286.18,10513081.51,363,0,32593522.49,35767994.47,12381367.68,27407913.24,38453939.57,8360081.23,4228048.84,June 2020,20212154.81,317234.17,6,2020
2020-07-01,11025910.04,13421827.07,3476121.04,9661188.09,0,30188383.44,2395917.03,2026478.87,10749123.62,364,0,33337326.82,36813447.86,12775602.49,28725695.46,39849571.53,8087752.41,3996612.31,July 2020,20561724.33,317234.17,7,2020
2020-08-01,11321501.32,13692387.33,1855555.19,8410276.49,0,30382027.42,2370886.01,1971463.56,11162012.03,365,0,34262588.49,36118143.68,13133475.59,27445270.68,38792303.9,8672873,4188245.31,August 2020,21129112.9,317234.17,8,2020
2020-09-01,11149548.76,13576878.07,1029563.57,9683889.71,0,29745781.51,2427329.31,2018486.07,11537186.27,366,0,34965447.66,35995011.24,13555672.34,28415975.76,39429671.22,7579035.48,3894630.9,September 2020,21409775.33,317234.17,9,2020
2020-10-01,12246595.46,14745573.1,489019.29,10449164.26,0,29087977.87,2498977.64,2099452.75,12094391.31,367,0,35729184.39,36218203.68,14193844.06,28371766.13,39537142.13,7846437.55,3937600.89,October 2020,21535340.33,317234.17,10,2020
2020-11-01,12649837.74,15309548.19,440658.36,10782279.08,0,29411876.98,2659710.45,2256485.32,12562525.53,368,0,36517795.8,36958454.16,14819010.85,28777279.93,40194156.06,8181174.23,4205454.62,November 2020,21698784.95,317234.17,11,2020
2020-12-01,10194626.79,13107924.87,1076044.22,11492711.32,0,29890461.67,2908462.4,2495608.06,13342787.74,369,0,37828875.85,38904920.08,15838395.8,29931615.03,41383172.98,7337626.6,3718973.6,December 2020,8973305.05,317234.17,12,2020
2021-01-01,10433417.96,13264907.99,1192888.11,12085727.76,0,30406282.73,2831167.19,2358724.24,13496818.5,370,0,37544491.37,38737379.48,15855542.74,31131222.9,42492010.49,7606156.57,4672612.93,January 2021,21688948.63,317234.17,1,2021
2021-02-01,10615312.5,13395207.29,697139.38,12586130.06,0,30505606.14,2779831.6,2319993.77,14164076.35,371,0,38099427.26,38796566.64,16484070.12,30393028.17,43091736.2,8403538.47,5543654.15,February 2021,21615357.14,317234.17,2,2021
2021-03-01,10529324.74,13338122.26,432166.65,12066876.87,0,31437048.08,2808734.33,2305664.2,13832542.77,372,0,38288212.81,38720379.46,16138206.97,31994406.29,43503924.95,6725973.17,4296428.49,March 2021,13832542.77,317234.17,3,2021
2021-04-01,10406163.21,13202697.77,688478.54,12236471.93,0,31897539.1,2796471.37,2302191.18,13693741.25,373,0,38462975.04,39151453.58,15995932.43,32368575.56,44134011.03,6782878.02,4044784.32,April 2021,22467042.61,317234.17,4,2021
2021-05-01,10273129.95,13064088.63,1164023.7,12552025.37,0,32117234.44,2790895.5,2316426.36,13940215.36,374,0,38692973.28,39856996.98,16256641.72,32500538.3,44669259.81,7356458.68,4499169.08,May 2021,22436331.56,317234.17,5,2021
2021-06-01,9592526.39,12333852.25,647509.76,11593876.28,0,32625539.02,2741262.67,2248185.2,13776208.45,375,0,38863053.22,39510562.98,16024393.65,32218317.25,44219415.3,7292245.73,4164123.41,June 2021,22838659.57,317234.17,6,2021
2021-07-01,10018772.22,12830875.69,19331.91,12124740.08,0,32860632.04,2812103.48,2369639.06,13891362.38,376,0,39733556.72,39752888.62,16261001.44,32280443.88,44985372.12,7472444.74,4656099.05,July 2021,23472555.28,317234.17,7,2021
2021-08-01,10135805.92,12866701.88,135050.94,12567398.2,0,33441747.8,2778706.01,2312069.53,14114824.09,377,0,40810092.82,40945143.77,16426893.61,32744496.85,46009146,8200646.92,5112263.92,August 2021,24383199.21,365044.23,8,2021
2021-09-01,10116687.53,12905941.24,933.29,13005389.1,0,33936527.14,2837063.77,2371567.68,13589718.92,378,0,40449202.79,40450136.09,15961286.61,34642390.7,46941916.24,5807745.38,3914861.09,September 2021,24487916.19,365044.23,9,2021
2021-10-01,9768585.67,12734571.1,873.14,12946605.35,0,34619960.27,2965985.43,2540822.9,13969627.71,379,0,41474377.37,41475250.51,16510450.61,34311349.23,47566565.62,7163901.28,4663495.28,October 2021,24963926.76,365044.23,10,2021
2021-11-01,9845519.27,12994110.88,4126.71,13034104.65,0,35379184.45,3148591.61,2726065.1,14392820,380,0,42600088.22,42604214.93,17118885.1,34167435.78,48413289.1,8436779.16,5371968.07,November 2021,25481203.12,384377.56,11,2021
2021-12-01,9969994.48,13295152.46,909.16,13839910.4,0,34920731.34,3325157.97,2938416.18,15117444.65,382,0,44443065.59,44443974.75,18055860.83,35091827.38,48760641.75,9352147.37,5197976.7,December 2021,26387204.76,384377.56,12,2021
2022-01-01,10320428.65,13608456.25,105787.99,14903925.4,0,35184136.51,3288027.6,2779750.75,15809941.47,383,0,45089157.64,45194945.63,18589692.22,36808579.4,50088061.91,8386366.23,5799144.58,January 2022,26499465.42,384377.56,1,2022
2022-02-01,10385723.44,13635912.33,926.96,14721135.97,0,35986524.62,3250188.89,2723657.37,16173670.37,384,0,44739337.92,44740264.88,18897327.74,36655135.1,50707660.59,8458893.96,6915462.9,February 2022,25842010.17,384377.56,2,2022
2022-03-01,11056170.74,14301768.29,923.05,16319660.37,0,36467400.48,3245597.55,2714074.02,16896282.81,385,0,45663905.91,45664828.96,19610356.83,38101010.05,52787060.85,7563818.91,6965628.82,March 2022,26053549.08,384377.56,3,2022
2022-04-01,11026205.66,14376820.88,933.46,16847655.48,0,37448525.11,3350615.22,2833752.73,16987575.24,386,0,47146645.19,47147578.65,19821327.97,39631533.34,54296180.59,7516045.31,6450900.21,April 2022,27325317.22,384377.56,4,2022
2022-05-01,10934866.33,14265730.18,988.85,18049373.09,0,38456850.6,3330863.86,2763895.4,17797804.96,387,0,48513506.45,48514495.3,20561700.36,41394191.39,56506223.69,7120303.91,6266610.12,May 2022,27951806.09,384377.56,5,2022
2022-06-01,10604701.89,13860265.17,893.87,18214634.5,0,39233605.99,3255563.28,2719330.52,17628878.99,388,0,48897446.57,48898340.44,20348209.51,42789310.43,57448240.49,6102755.65,5609749.62,June 2022,28549237.06,317787.41,6,2022
2022-07-01,10784285.87,14026886.11,910.72,20106289.74,0,39853077.54,3242600.24,2721500.8,17664882.13,389,0,48290293.34,48291204.06,20386382.93,43085948.8,59959367.27,5205255.26,6821712.59,July 2022,27903910.41,317234.17,7,2022
2022-08-01,10829686.88,14040351.86,940.84,20965137.37,0,40203768.22,3210664.98,2680216.96,18756099.18,390,0,49315851.17,49316792.01,21436316.14,44395793.53,61168905.59,4920998.48,6616958.26,August 2022,27879535.03,390557.8,8,2022
2022-09-01,11778837.88,15007589.94,1246.14,22826317.44,0,40515280.18,3228752.06,2729883.34,18467488.31,391,0,49331836.37,49333082.51,21197371.65,44847925.2,63341597.62,4485157.31,7808252.77,September 2022,28134464.72,390557.8,9,2022
2022-10-01,11700671.95,14999458.73,1259.91,22645912.75,0,40835318.91,3298786.78,2836803.01,18505965.45,392,0,50628734.53,50629994.44,21342768.46,44461133.88,63481231.66,6168860.55,8114826.85,October 2022,29285966.07,390557.8,10,2022
2022-11-01,12099630.21,15263886.97,1260.58,22636974.13,0,41529765.73,3164256.76,2645857.33,18808043.35,393,0,51684794.02,51686054.6,21453900.68,46082254.3,64166739.86,5603800.28,7680283.46,November 2022,30230893.34,390557.8,11,2022
2022-12-01,13019996.73,16032053.9,393638.86,24656590.51,0,41741697.22,3012057.17,2569010.89,18158935.53,394,0,51761777.98,52155416.84,20727946.42,47903381.93,66398287.74,4252034.91,7541812.2,December 2022,31033831.56,390557.8,12,2022
2023-01-01,15191268.58,16577667.07,303722.84,26639026.37,0,41542410.74,1386398.5,792184.39,20118883.47,395,0,52835098.6,53138821.44,20911067.86,4555768.04,68181437.12,4555768.04,9323345.22,January 2023,31924030.74,419889.49,1,2023
2023-02-01,15337277.97,16319375.63,373284.44,28431011.26,0,41754414.82,982097.66,843311.51,20115449.43,396,0,52921785.2,53295069.64,20958760.95,47799133.81,70185426.07,5495935.83,12001222.23,February 2023,31963024.25,419889.49,2,2023
2023-03-01,14292241.24,15975739.59,442358.32,27529660.6,0,43011682.24,1683498.35,1445249.67,19954344.24,397,0,54185866.75,54628225.07,21399593.91,48636422.18,70541342.84,5991802.89,11086962.62,March 2023,32786272.84,419889.49,3,2023
2023-04-01,15564029.09,17943103.23,397178.14,30761091.82,0,43664600.58,2379074.15,2078211.57,20464057.39,398,0,55649344.64,56046522.78,22542268.96,50602383.34,74425692.4,5044475.45,12846557.39,April 2023,33107075.68,419776.74,4,2023
2023-05-01,15396036.88,17922716.51,142342.97,30711430.13,0,44786870.17,2526679.63,2177314.37,20308087.11,399,0,55550398.02,55692740.99,22485401.49,50910749.89,75498300.31,4404133.68,12262582.03,May 2023,33064996.53,397970.17,5,2023
2023-06-01,15115648.83,17718915.65,548713.55,31233079.3,0,52812464.85,2603266.82,2263065.09,22231860.95,400,0,64358217.2,64906930.75,24494926.03,53414463.97,84045544.14,11112802.79,10901306.61,June 2023,39863291.17,399776.74,6,2023
2023-07-01,14780724.72,17376486.41,10599.73,27621170.06,0,56461183.87,2595761.69,2206635.6,22161382.11,401,0,65319117.73,65329717.47,24368017.71,55088187.62,84082353.94,10241047.37,10864333.26,July 2023,40951100.03,385411.16,7,2023
2023-08-01,16769464.34,19429603.25,552524.16,22507192,0,56948060.89,2660138.92,2223690.38,22214912.8,402,0,65638978.68,66191502.84,24438603.19,52256483.4,79455252.89,13935019.44,10120457.7,August 2023,41200375.5,385411.16,8,2023
2023-09-01,16745263.35,19506555.34,769616.21,22137450.47,0,59507347.45,2761291.98,2416033.51,22903983.43,403,0,66174923.16,66944539.37,25320016.94,54406643.55,81644797.92,12537895.82,10100221.41,September 2023,40854906.22,419776.74,9,2023
2023-10-01,18528474.01,21538820.56,1245804.25,9390923.05,0,63569717.25,3010346.55,2696981.44,23729969.13,404,0,72661232.78,73907037.03,26426950.56,45807379.74,72960640.3,28099657.3,9140584.25,October 2023,46234282.22,419776.74,10,2023
2023-11-01,19560676.02,22908392.34,682641.58,25664280.91,0,59685116.08,3347716.33,3080140.65,23199544.08,405,0,71342958.51,72025600.09,26279684.73,60510924.06,85349397,11514676.03,4479720.51,November 2023,45063273.79,0,11,2023
2023-12-01,21082214.57,24735518.47,421337.19,33547601.17,0,62538678.31,3653303.9,3433927.24,26688361.65,406,0,78831122,79252459.19,30122288.89,69914009.41,96086279.48,9338449.78,6091164.18,December 2023,48708833.11,0,12,2023
2024-01-01,20513530.84,24164031.04,842591.59,23518053.15,0,76479585.58,3650500.2,3281198.2,28274684.04,407,0,93772008.85,94614600.44,31555882.24,64874830.79,99997638.73,29739769.64,6732309.44,January 2024,62216126.61,433229.15,1,2024
2024-02-01,17544159.79,21237738.02,1588772.44,18426607.2,0,81222103.76,3693578.23,3410644.39,27691933.45,408,0,95635011.58,97223784.02,31102577.84,61167195.52,99648710.97,36056588.51,8975688.38,February 2024,64532433.74,433229.15,2,2024
2024-03-01,19515488.4,23384823.66,241225.72,20053981.85,0,71426608.89,3869335.26,3628160.97,28570658.6,409,0,91945344.91,92186570.63,32198819.57,66240483.71,91480590.74,25946086.92,9362672.44,March 2024,59746525.34,433229.15,3,2024
2024-04-01,20464976.46,24387924.33,10677.52,19975143.66,0,72916941.9,3922947.87,3605057.39,30213933.42,410,0,96963523.96,96974201.49,33818990.81,68246641.63,92892085.56,28727559.85,9990300.22,April 2024,63144533.15,433229.15,4,2024
2024-05-01,21691523.7,25656624.96,249384.7,28375743.25,0,74312122.83,3965101.26,3709945.42,29672687.46,411,0,98986356.49,99235741.19,33382632.88,83899956.74,102687866.09,15335784.44,5103989.5,May 2024,65603723.61,433229.15,5,2024
2024-06-01,20974460.48,25023190.29,10711.8,23932584.88,0,73191947.89,4048729.81,3790570.28,33008174.1,412,0,101450517.62,101461229.42,36798744.38,78370347.53,97124532.77,23090881.89,10061307.41,June 2024,64651773.24,278860.37,6,2024
2024-07-01,21499583.21,25553347.14,10717.37,19825050.41,0,75508822.02,4053763.93,3665891.91,31658201.51,413,0,106347375.9,106358093.27,35324093.42,73964993.22,95333872.43,32393100.04,10292331.59,July 2024,71023282.48,278860.37,7,2024
2024-08-01,22746386.89,26891229.28,10717.37,31150799.28,0,74731689.28,4144842.39,3868610.9,31081324.58,414,0,107182219.49,107192936.86,34949935.48,81676670.2,105882488.57,25516266.66,13030099.14,August 2024,72232284.01,278860.37,8,2024
2024-09-01,23825969.35,28137041.63,9409.49,39467247.32,0,75834241.09,4311072.27,4016510.71,31842322.34,415,0,109401745.36,109411154.85,35858833.05,89912360.91,115301488.41,19498793.94,12442393.55,September 2024,73542912.31,278860.37,9,2024
2024-10-01,25456487.65,30005705.16,10797.22,39391214.35,0,74072462.95,4549217.51,4288141.2,30496152.24,416,0,107988822.02,107999619.24,34784293.44,87212833.35,113463677.29,20786785.89,13668236.43,October 2024,73204528.58,278860.37,10,2024
2024-11-01,25993446.02,30871571.25,19796.18,39616629.91,0,75960127.77,4878125.22,4652527.74,31621399.62,417,0,108946684.26,108966480.44,36273927.36,91619367.66,115576757.67,17347112.78,12147461.96,November 2024,72672756.9,278860.37,11,2024
2024-12-01,27231663.42,32672828.4,17386.79,27140247,0,78022458.6,5441159.98,5125283.07,33688800.77,418,0,113337685.23,113355072.02,38814083.84,81394056.43,105162705.57,31961015.59,-1348731.92,December 2024,74523601.39,278860.37,12,2024
2025-01-01,27428919.41,32664351.54,10769.66,25029404.13,0,77377424.96,5235432.14,4737157.27,32191308.69,419,0,111098003.76,111108773.42,36766765.57,77920283,102406829.09,33188490.42,5732414.4,January 2025,74169537.8,284361.95,1,2025
2025-02-01,27569450.74,32606465.84,10778.76,27111919.09,0,76257238.46,5037015.1,4515782.12,33196350.08,420,0,110698746.06,110709524.82,37712132.19,78177043.69,103369157.55,32532481.13,5140799.04,February 2025,72986613.87,284361.95,2,2025
2025-03-01,28523548.43,33526317.75,20807.61,24589403.51,0,75981573.01,5002769.32,4597915.18,35382282.4,421,0,115794387.35,115815194.96,39980197.6,68177360.39,100570976.51,47637834.57,15797020.3,March 2025,75814189.75,284361.95,3,2025
2025-04-01,29720463.52,34735312.55,22936.03,23934952.13,0,78067729,5014849.02,4568096.14,36411683.01,422,0,119198714.13,119221650.16,40979779.15,69429942.48,102002681.13,49791707.68,11679368.65,April 2025,78218934.98,284361.95,4,2025
2025-05-01,30864516.89,35879310.16,13239.94,22988130.03,0,77967127.85,5014793.27,4633853.89,35878180.8,423,0,119191189.74,119204429.68,40512034.69,71401550.19,100955257.88,47802879.49,8294832.02,May 2025,78679155.05,284361.95,5,2025
2025-06-01,29651901.02,34659417.19,10805.4,21662004.62,0,76125855.69,5007516.17,4493787.77,35370313.99,424,0,117239937.33,117250742.74,39864101.77,75783725.16,97787860.3,41467017.57,3187029.68,June 2025,77375835.57,284361.95,6,2025
2025-07-01,30426912.66,35349047.5,9288.99,23691862.27,0,76723215.73,4922134.85,4421034.66,35433791.26,425,0,119878408.58,119887697.57,39854825.92,79496985.3,100415078,40390712.27,5783319.53,July 2025,80023582.66,284361.95,7,2025
2025-08-01,30758072.4,35680432.94,9291.49,22951046.1,0,75882138.65,4922360.53,4450347.55,34934798.49,426,0,119682631.52,119691923.01,39385146.04,78105255.18,98833184.75,41586667.83,4681030.93,August 2025,80297485.48,284361.95,8,2025
2025-09-01,34669678.79,39622605.75,9291.49,24158173.8,0,72527121.86,4952926.96,4465081.38,34642829.4,427,0,117774240.75,117783532.25,39107910.78,76122383.44,96685295.66,41661148.81,5940049.53,September 2025,78666329.98,284361.95,9,2025
2025-10-01,31583261.21,36641142.21,9291.49,24787980.96,0,74411674.12,5057881.01,4646794.28,34700071.33,428,0,119028285.58,119037577.07,39346865.6,84233134.23,99199655.08,34804442.84,2603854.03,October 2025,79681419.97,284361.95,10,2025
2025-11-01,30939729.72,36201523.16,9660.04,26352124.27,0,74631910.95,5261793.44,4911272.96,35616518.41,429,0,122940404.13,122950064.18,40527791.37,85568780.67,100984035.22,37381283.5,2698412.46,November 2025,82412612.76,284361.95,11,2025
2025-12-01,32035734.52,37768594.8,9659.52,34221492.58,0,75834205.36,5732860.29,5407840.96,36734159.45,430,0,124400185,124409844.52,42142000.42,92904248.19,110055697.95,31505596.33,2309446.84,December 2025,82258184.59,329388.79,12,2025
2026-01-01,30254995.23,35986112.83,9656.59,37867736.77,0,93743888.52,5731116.6,5253533.62,37615702.51,431,0,123939305.15,123948961.74,42869236.13,96863140.41,131611625.3,27085821.33,19572146.48,January 2026,81070069.02,329388.79,1,2026
2026-02-01,32744055.08,38453901.51,9658.43,39359254.82,0,94610065.4,5709846.43,5188437.52,38348198.58,432,0,123107068.55,123116726.98,43536636.11,97547611.2,133969320.22,25569115.78,20746592.88,February 2026,79570432.44,329388.79,2,2026
2026-04-01,34603460.67,40249851.86,9659.47,39599178.09,0,80585296.57,5646391.19,5083676.71,38674105.66,434,0,124976277.4,124985936.87,43757782.36,100971888.53,120184474.66,24014048.35,11876351.11,April 2026,81218495.04,329388.79,4,2026
2026-05-01,33762692.28,39452673.59,9662.44,40378881.21,0,81041509.68,5689981.32,5193014.3,39425624.43,435,0,129201004.57,129210667.02,44618638.73,102259186.58,121420390.89,26951480.44,12626577.69,May 2026,84582365.84,329388.79,5,2026
2026-06-01,33995919.19,39519217.48,9664.48,40034127.36,0,83256687.36,5523298.28,4922041.74,39778768.49,436,0,133244656.93,133254321.42,44700810.23,106725293.08,123290814.71,26529028.33,10762891.35,June 2026,88543846.7,329388.79,6,2026
2026-07-01,36729336.86,42112029.83,9664.48,33919205.44,0,83428485.21,5382692.97,4803372.18,38872737.24,437,0,138766807.84,138776472.32,43676109.42,101066356.4,117347690.66,37710115.92,9931095.86,July 2026,95090698.42,329388.79,7,2026
