date,id,interBankCallRate,maxLending,mpr,mrr,oneMonthDeposit,period,primeLending,savingsDeposit,sixMonthsDeposit,threeMonthsDeposit,tmonth,treasuryBill,twelveMonthsDeposit,tyear
2006-01-01,1,27.06,18.23,0,13,7.88,January 2006,16.69,4.5,8.55,9.95,1,13.68,8.64,2006
2006-02-01,2,5.59,18.14,0,13,9.13,February 2006,16.57,2.96,8.95,9.68,2,11.49,8.36,2006
2006-03-01,3,7.77,17.89,0,13,9.37,March 2006,16.3,2.98,8.61,9.57,3,9.86,9.17,2006
2006-04-01,4,1.13,18.03,0,13,9.35,April 2006,16.25,2.98,8.78,10.23,4,8.6,8.93,2006
2006-05-01,5,1.57,18.36,0,13,9.4,May 2006,16.97,2.95,9.16,10.26,5,6.65,9.09,2006
2006-06-01,6,8.16,18.16,0,14,9.49,June 2006,17.08,2.96,9.43,10.25,6,8.41,8.19,2006
2006-07-01,7,3.37,18.61,0,14,9.49,July 2006,17.08,2.96,9.43,9.95,7,9.79,10.49,2006
2006-08-01,8,3.33,18.39,0,14,9,August 2006,16.81,2.91,9.57,9.68,8,8.4,8.21,2006
2006-09-01,9,10.45,18.52,0,14,8.98,September 2006,17.19,2.93,9.31,9.57,9,6.98,7.78,2006
2006-10-01,10,1.4,18.71,0,14,10.01,October 2006,17.19,3.08,10.15,10.23,10,7.94,8.08,2006
2006-11-01,11,9.7,18.72,0,14,10.05,November 2006,17.26,3.1,10.12,10.26,11,7,8.15,2006
2006-12-01,12,8.98,18.66,10,,9.99,December 2006,17.33,3.25,9.93,10.25,12,7.75,7.45,2006
2007-01-01,13,10.53,18.7,10,,10.31,January 2007,17.64,3.36,9.9,10.38,1,7.1,9.15,2007
2007-02-01,14,7.26,18.64,10,,9.97,February 2007,17.63,3.19,9.63,10.01,2,6.9,7.8,2007
2007-03-01,15,7.68,18.92,10,,10.48,March 2007,17.18,4.3,10,10.46,3,6.85,8.3,2007
2007-04-01,16,7.54,18.58,10,,10.53,April 2007,18.05,3.84,10.07,10.61,4,7.23,8.28,2007
2007-05-01,17,7.99,17.17,10,,10.35,May 2007,16.94,3.82,9.8,10.27,5,7.2,8.04,2007
2007-06-01,18,8.46,18.74,8,,10.25,June 2007,16.92,3.78,10,10.24,6,6.59,8.02,2007
2007-07-01,19,10.52,18.36,8,,10.46,July 2007,16.57,3.77,9.78,10.4,7,5.98,8.06,2007
2007-08-01,20,6.83,18.27,8,,10.61,August 2007,16.42,3.71,9.73,10.58,8,6.24,8.2,2007
2007-09-01,21,6.24,18.27,8,,10.43,September 2007,16.46,3.05,9.49,10.37,9,7.1,8.12,2007
2007-10-01,22,7.21,18.21,9,,9.77,October 2007,16.5,3.39,9.51,9.97,10,6.23,7.68,2007
2007-11-01,23,8.56,18.29,9,,9.9,November 2007,16.5,3.15,9.43,9.88,11,6.67,7.65,2007
2007-12-01,24,8.99,18.21,9.5,,10.18,December 2007,16.46,3.19,9.53,10.29,12,7.75,7.92,2007
2008-01-01,25,11.22,18.26,9.5,,10.86,January 2008,15.52,2.88,10.52,11.14,1,8.58,10.61,2008
2008-02-01,26,10.04,18.16,9.5,,10.77,February 2008,15.58,2.83,10.47,11.06,2,8.63,10.59,2008
2008-03-01,27,9.37,17.58,9.5,,10.61,March 2008,15.23,2.94,9.72,10.4,3,8.5,10.01,2008
2008-04-01,28,10.51,18.25,10,,11,April 2008,15.39,2.97,11.15,11.76,4,8.17,11.18,2008
2008-05-01,29,9.47,17.98,10,,10.92,May 2008,15.02,2.76,11.27,11.57,5,8.27,11.6,2008
2008-06-01,30,11.23,18.03,10.25,,11.26,June 2008,15.17,2.79,11.76,11.96,6,8.64,11.95,2008
2008-07-01,31,8.61,18.07,10.25,,11.2,July 2008,15.22,2.82,11.78,11.9,7,9.21,12.22,2008
2008-08-01,32,14.45,18.02,10.25,,11.16,August 2008,15.08,2.79,11.58,11.82,8,9.13,11.91,2008
2008-09-01,33,15.42,19.24,9.75,,12.13,September 2008,14.77,2.75,13.06,12.81,9,9.08,12.95,2008
2008-10-01,34,14.09,19.19,9.75,,12.42,October 2008,14.81,2.79,13.15,12.94,10,7.72,13.08,2008
2008-11-01,35,15.77,20.45,9.75,,12.33,November 2008,14.58,2.78,12.98,12.79,11,6.9,12.84,2008
2008-12-01,36,12.17,21.15,9.75,,11.65,December 2008,15.26,2.92,12.45,12.26,12,5.61,12.41,2008
2009-01-01,37,7.91,21.27,9.75,,12.89,January 2009,16.78,2.59,13.09,12.71,1,3.88,12.38,2009
2009-02-01,38,17.3,23.52,9.75,,13.78,February 2009,18.9,2.59,15.84,13.75,2,2,16.47,2009
2009-03-01,39,20.6,22.62,9.75,,12.92,March 2009,19.19,2.62,12.57,12.84,3,2.53,11.44,2009
2009-04-01,40,12.51,23.12,8,,15.01,April 2009,19.28,2.58,11.26,14.65,4,3.33,14.91,2009
2009-05-01,41,13.17,22.01,8,,11.68,May 2009,18.75,2.6,12.11,11.66,5,3.27,11.63,2009
2009-06-01,42,18.6,22.67,8,,11.69,June 2009,19.08,2.67,13.12,12.63,6,3.32,12.67,2009
2009-07-01,43,18.1,22.8,6,,14.81,July 2009,19.34,2.4,13.32,12.86,7,3.93,13.23,2009
2009-08-01,44,7.04,23.18,6,,13.07,August 2009,19.39,2.79,13.76,12.58,8,4.8,13.78,2009
2009-09-01,45,9.7,22.81,6,,11.12,September 2009,18.91,2.36,12.42,12.17,9,4.8,13.25,2009
2009-10-01,46,7.05,20.5,6,,13.04,October 2009,19.06,2.23,13.7,13.19,10,5.08,13.34,2009
2009-11-01,47,5.62,23.2,6,,12.42,November 2009,19.66,3.35,11.81,13.31,11,4.48,8.91,2009
2009-12-01,48,4.68,23.77,6,,12.73,December 2009,19.55,3.33,13.34,13.15,12,4,12.17,2009
2010-01-01,49,2.61,22.76,6,,11.82,January 2010,18.82,3.34,12.98,12.41,1,3.72,11.85,2010
2010-02-01,50,2.27,23.33,6,,10.97,February 2010,18.74,3.31,10.99,10.89,2,2.33,7.8,2010
2010-03-01,51,1.5,23.62,6,,7.36,March 2010,19.03,3.03,7.59,8.6,3,1.04,5.55,2010
2010-04-01,52,1.27,23.47,6,,6.37,April 2010,19.05,2.94,6.55,7.33,4,1.2,6.79,2010
2010-05-01,53,4.94,22.56,6,,5.86,May 2010,18.77,2.92,5.31,6.22,5,1.63,6.31,2010
2010-06-01,54,2.73,22.03,6,,4.51,June 2010,17.65,1.95,4.85,4.98,6,2.29,4.9,2010
2010-07-01,55,3.59,22.27,6,,3.68,July 2010,17.4,1.62,5.74,4.5,7,2.94,4.93,2010
2010-08-01,56,1.26,22.31,6,,3.49,August 2010,16.89,1.41,5.27,4.13,8,2.63,4.93,2010
2010-09-01,57,2.71,22.2,6.25,,3.58,September 2010,16.66,1.49,4.4,5.16,9,6.6,3.68,2010
2010-10-01,58,8.5,21.85,6.25,,3.6,October 2010,16.16,1.48,4,4.32,10,6.75,3.97,2010
2010-11-01,59,8.79,21.84,6.25,,3.69,November 2010,16.11,1.48,4.16,5.08,11,7.58,3.8,2010
2010-12-01,60,8.03,21.86,6.25,,3.66,December 2010,15.74,1.51,3.5,4.63,12,7.47,3.53,2010
2011-01-01,61,6.13,21.75,6.5,,3.86,January 2011,15.73,1.51,3.98,5.02,1,7.49,4.39,2011
2011-02-01,62,8.38,21.88,6.5,,3.83,February 2011,15.75,1.48,4.33,4.6,2,7.09,3.73,2011
2011-03-01,63,9.33,22.02,7.5,,4.21,March 2011,15.81,1.41,4.46,5.38,3,8.27,4.25,2011
2011-04-01,64,10.8,22.19,7.5,,4.43,April 2011,15.75,1.43,4.49,5.53,4,9.52,3.87,2011
2011-05-01,65,9.75,22.11,8,,4.39,May 2011,15.81,1.41,4.95,5.43,5,8.63,4.12,2011
2011-06-01,66,11.15,22.02,8,,4.52,June 2011,15.76,1.4,5.26,5.14,6,8.2,4.68,2011
2011-07-01,67,8.85,22.42,8.75,,4.8,July 2011,15.84,1.42,4.58,5.21,7,7.08,4.39,2011
2011-08-01,68,8.59,22.27,8.75,,4.67,August 2011,15.82,1.46,4.7,5.43,8,7.41,4.48,2011
2011-09-01,69,9.37,22.09,9.25,,4.71,September 2011,15.87,1.46,4.79,5.49,9,8.92,4.47,2011
2011-10-01,70,13.07,23.32,12,,6.31,October 2011,16.49,1.41,5.66,7.06,10,15,4.9,2011
2011-11-01,71,15.58,23.35,12,,6.52,November 2011,16.82,1.4,5.69,7.41,11,14.53,5.28,2011
2011-12-01,72,15.5,23.21,12,,6.58,December 2011,16.75,1.41,5.63,6.8,12,14.27,7.12,2011
2012-01-01,73,14.19,23.08,12,,6.46,January 2012,16.92,1.39,6.62,7.62,1,14.85,6.58,2012
2012-02-01,74,14.35,23.13,12,,6.98,February 2012,17.11,1.43,6.83,7.96,2,14.76,6.63,2012
2012-03-01,75,14.13,23.21,12,,7.52,March 2012,17.28,1.61,7.45,8.25,3,14.49,7.95,2012
2012-04-01,76,14.23,23.31,12,,7.13,April 2012,16.9,1.72,7.39,8.15,4,13.92,7.15,2012
2012-05-01,77,13.8,23.44,12,,7.38,May 2012,16.98,1.66,6.79,8.58,5,13.34,7.01,2012
2012-06-01,78,14.92,23.44,12,,7.46,June 2012,16.93,1.7,8.08,7.8,6,14.08,7.51,2012
2012-07-01,79,15.19,23.45,12,,7.1,July 2012,16.96,1.78,7.54,8.57,7,13.86,6.62,2012
2012-08-01,80,17.81,23.76,12,,8.04,August 2012,16.53,1.77,8.07,8.34,8,14.26,6.85,2012
2012-09-01,81,13.5,24.67,12,,7.93,September 2012,16.37,1.78,8.23,8.79,9,12.75,6.77,2012
2012-10-01,82,11.42,24.65,12,,7.95,October 2012,16.48,1.76,8.11,8.72,10,12.94,6.21,2012
2012-11-01,83,11.86,24.7,12,,8.4,November 2012,16.51,1.65,8.39,8.94,11,12.6,6.17,2012
2012-12-01,84,11.88,24.61,12,,8.15,December 2012,16.54,1.66,10.87,9.15,12,11.77,10.63,2012
2013-01-01,85,11.67,24.54,12,,8.43,January 2013,16.57,1.69,8.56,8.87,1,11.17,6.09,2013
2013-02-01,86,11.98,24.6,12,,8.09,February 2013,16.56,1.72,7.76,8.3,2,9.9,5.67,2013
2013-03-01,87,10.39,24.49,12,,7.95,March 2013,16.61,1.77,7.43,7.99,3,10.17,6.09,2013
2013-04-01,88,10.71,24.53,12,,7.82,April 2013,16.65,1.82,7.15,7.94,4,10.41,6.49,2013
2013-05-01,89,12.23,24.57,12,,7.76,May 2013,16.66,2.25,7.17,7.74,5,10.64,5.26,2013
2013-06-01,91,11.59,24.58,12,,7.58,June 2013,16.56,2.04,7.07,7.49,6,11.6,5.32,2013
2013-07-01,92,10.63,24.62,12,,7.82,July 2013,16.47,2.42,7.34,7.8,7,11.56,5.8,2013
2013-08-01,93,15.24,24.46,12,,7.62,August 2013,16.55,2.45,7.37,8.04,8,11.3,4.88,2013
2013-09-01,94,16.88,25.11,12,,7.61,September 2013,16.76,2.43,6.9,7.41,9,10.91,4.58,2013
2013-10-01,95,11.08,24.9,12,,7.72,October 2013,17.1,2.39,7.32,7.54,10,10.8,4.71,2013
2013-11-01,96,11.22,25,12,,8.06,November 2013,17.17,2.53,8.12,8.26,11,10.8,6.51,2013
2013-12-01,97,10.75,24.9,12,,7.78,December 2013,17.01,2.53,7.44,7.96,12,10.97,5.02,2013
2014-01-01,98,10,25.52,12,,8.21,January 2014,16.95,3.27,9.4,9.29,1,10.81,9.04,2014
2014-02-01,99,10.5,25.83,12,,8.41,February 2014,16.93,3.26,9.6,9.48,2,11.82,9.3,2014
2014-03-01,100,10.5,25.8,12,,8.3,March 2014,16.69,3.38,10.14,9.47,3,11.92,9.3,2014
2014-04-01,101,10.5,25.63,12,,8.19,April 2014,16.7,3.42,10.07,9.38,4,11.26,9.69,2014
2014-05-01,102,10.63,25.76,12,,8.27,May 2014,16.5,3.41,9.76,9.42,5,10.13,9.29,2014
2014-06-01,103,10.5,26.07,12,,8.46,June 2014,16.5,3.42,9.52,9.3,6,9.98,9.19,2014
2014-07-01,104,10.5,26.07,12,,8.4,July 2014,16.44,3.41,9.47,9.35,7,9.88,9.11,2014
2014-08-01,105,11.91,25.07,12,,8.09,August 2014,16.6,3.24,8.7,8.54,8,9.95,7.47,2014
2014-09-01,106,10.73,25.77,12,,8.41,September 2014,16.44,3.43,9.48,9.31,9,9.75,9.31,2014
2014-10-01,107,10.98,25.75,12,,8.52,October 2014,16.48,3.43,9.5,9.33,10,9.83,9.23,2014
2014-11-01,108,8.98,25.74,13,,8.56,November 2014,16.47,3.43,9.79,9.7,11,9.82,9.46,2014
2014-12-01,109,24.3,25.91,13,,8.58,December 2014,15.88,3.46,9.77,9.48,12,10.8,9.51,2014
2015-01-01,110,10.21,25.97,13,,8.61,January 2015,16.86,3.48,9.74,9.64,1,11.2,9.51,2015
2015-02-01,111,23.5,26.33,13,,8.47,February 2015,16.77,3.47,9.46,9.54,2,10.88,9.37,2015
2015-03-01,112,12.59,26.61,13,,8.42,March 2015,16.9,3.76,9.88,9.02,3,10.77,9.52,2015
2015-04-01,113,24.24,26.41,13,,8.74,April 2015,15.95,3.6,8.26,8.65,4,10.23,6.48,2015
2015-05-01,114,10.43,26.43,13,,8.79,May 2015,16.08,3.6,8.56,8.93,5,10.03,7.18,2015
2015-06-01,115,10.85,26.84,13,,9.02,June 2015,17.24,3.6,10.81,10.27,6,9.95,10.83,2015
2015-07-01,116,7.79,27.03,13,,8.93,July 2015,17.3,3.63,10.79,10.26,7,10,11.43,2015
2015-08-01,117,33.26,27.01,13,,8.92,August 2015,17.29,3.63,10.85,10.32,8,10,11.21,2015
2015-09-01,118,8.12,26.99,13,,9.08,September 2015,17.02,3.72,10.89,10.61,9,10.36,11.21,2015
2015-10-01,119,3.22,27.01,13,,8.5,October 2015,16.84,3.71,9.11,9.14,10,9.11,7.72,2015
2015-11-01,120,0.84,27.02,11,,6.94,November 2015,16.98,3.47,5.66,6.49,11,5.62,4.8,2015
2015-12-01,121,0.77,26.84,11,,7.11,December 2015,16.96,3.33,5.78,6.91,12,4.57,4.88,2015
2016-01-01,122,2.04,26.77,11,,6.87,January 2016,16.54,3.29,5.98,6.74,1,4.12,5.12,2016
2016-02-01,123,2.67,26.73,11,,6.92,February 2016,16.72,3.29,5.91,6.79,2,4.91,5.22,2016
2016-03-01,124,4.32,26.93,12,,7.01,March 2016,16.82,3.26,5.97,6.9,3,5.53,5.29,2016
2016-04-01,125,3.75,26.88,12,,6.32,April 2016,16.77,3.54,5.63,6.83,4,7.27,5.27,2016
2016-05-01,126,7.67,26.73,12,,6.53,May 2016,16.13,3.57,6.37,6.96,5,8.04,5.38,2016
2016-06-01,127,35.26,26.93,12,,6.62,June 2016,16.78,3.61,6.59,6.92,6,8.32,5.17,2016
2016-07-01,128,31.51,27.06,14,,7.29,July 2016,17.14,3.89,7.8,7.44,7,12.34,5.09,2016
2016-08-01,129,24.25,27.21,14,,7.61,August 2016,17.18,3.93,8.36,8,8,14.93,5.22,2016
2016-09-01,130,14.5,27.49,14,,7.5,September 2016,17.09,4.05,7.47,7.68,9,14,5.75,2016
2016-10-01,131,36.42,27.69,14,,8.26,October 2016,17.1,4.08,8.27,8.25,10,13.96,6.25,2016
2016-11-01,132,15.21,28.53,14,,8.48,November 2016,17.06,4.28,9.63,8.63,11,13.99,10.14,2016
2016-12-01,133,10.39,28.55,14,,8.53,December 2016,17.09,4.18,10.23,8.8,12,13.97,10.76,2016
2017-01-01,134,8.15,28.88,14,,8.58,January 2017,16.91,4.22,10.31,8.88,1,13.95,10.77,2017
2017-02-01,135,27.46,29.26,14,,8.24,February 2017,17.13,4.22,10.4,9.13,2,13.75,10.37,2017
2017-03-01,136,13.11,30.18,14,,8.58,March 2017,17.43,4.23,10.56,9.11,3,13.6,10.57,2017
2017-04-01,137,64.58,30.31,14,,8.87,April 2017,17.44,4.24,10.64,9.46,4,13.58,10.38,2017
2017-05-01,138,21.29,30.75,14,,8.73,May 2017,17.58,4.08,10.57,9.41,5,13.5,11.33,2017
2017-06-01,139,13.46,30.94,14,,8.65,June 2017,17.59,4.08,10.68,9.01,6,13.5,11.15,2017
2017-07-01,140,12.28,30.94,14,,8.85,July 2017,17.65,4.08,11.24,9.71,7,13.46,10.27,2017
2017-08-01,141,22.63,31.2,14,,8.86,August 2017,17.69,4.08,11.51,10.14,8,13.35,11.4,2017
2017-09-01,142,20.44,31.39,14,,9.11,September 2017,17.88,4.08,11.46,10.26,9,13.2,11.7,2017
2017-10-01,143,43.78,31.39,14,,9.15,October 2017,17.86,4.08,11.5,10.09,10,13.18,10.8,2017
2017-11-01,144,18.78,30.95,14,,9.12,November 2017,17.77,4.08,11.05,9.84,11,13.01,10.71,2017
2017-12-01,145,9.49,30.99,14,,9.09,December 2017,17.71,4.08,11.14,9.61,12,0,10.93,2017
2018-01-01,146,15.58,31.39,14,,9.09,January 2018,17.5,4.07,11.72,10.63,1,12.27,11.24,2018
2018-02-01,147,26.19,31.4,14,,8.9,February 2018,17.53,4.07,11.3,10.05,2,11.88,10.67,2018
2018-03-01,148,15.16,31.55,14,,8.82,March 2018,17.35,4.07,10.93,9.72,3,11.84,10.21,2018
2018-04-01,149,3.1,31.56,14,,8.78,April 2018,17.24,4.07,10.71,9.89,4,11.43,10.03,2018
2018-05-01,150,25.43,31.29,14,,8.9,May 2018,17.08,4.07,10.62,9.97,5,10,9.96,2018
2018-06-01,151,5,31.17,14,,8.88,June 2018,16.78,4.07,10.15,9.38,6,10.11,10.05,2018
2018-07-01,152,2.86,31.09,14,,9.61,July 2018,16.83,4.07,10.02,9.45,7,10,10.26,2018
2018-08-01,153,2.45,30.93,14,,8.77,August 2018,16.65,4.07,9.84,9.51,8,10.64,9.95,2018
2018-09-01,154,4.57,30.77,14,,8.79,September 2018,16.59,4.07,9.76,9.44,9,11,10.08,2018
2018-10-01,155,14.18,30.67,14,,8.71,October 2018,16.53,4.07,10.15,9.47,10,10.94,10.46,2018
2018-11-01,156,7.17,30.8,14,,8.84,November 2018,16.64,4.07,10.11,9.41,11,10.91,10.43,2018
2018-12-01,157,22.68,30.52,14,,8.99,December 2018,16.17,4.07,10.49,9.5,12,0,10.33,2018
2019-01-01,158,12.14,30.48,14,,9,January 2019,16.01,4.07,10.65,9.69,1,10.98,10.66,2019
2019-02-01,159,16.71,30.56,14,,9.05,February 2019,16.08,4.07,10.34,9.68,2,10.91,10.74,2019
2019-03-01,160,10.8,30.83,13.5,,9.15,March 2019,14.92,3.97,10.09,9.48,3,10.42,10.23,2019
2019-04-01,161,13.98,30.89,13.5,,8.63,April 2019,18.23,3.91,10.36,9.15,4,10.24,10.7,2019
2019-05-01,162,7.31,31.07,13.5,,8.83,May 2019,15.33,3.9,10.32,9.12,5,10,10.42,2019
2019-06-01,163,6.88,31.04,13.5,,8.81,June 2019,15.8,3.93,10.84,9.1,6,9.93,10.57,2019
2019-07-01,164,6.52,31.07,13.5,,8.16,July 2019,15.46,3.93,10.37,8.85,7,9.92,10.18,2019
2019-08-01,165,8,31.04,13.5,,8.3,August 2019,15.4,3.93,10.19,8.93,8,10.89,9.82,2019
2019-09-01,166,11.42,31.43,13.5,,8.22,September 2019,15.15,3.2,10.31,8.96,9,11.1,9.97,2019
2019-10-01,167,6.37,30.56,13.5,,8.06,October 2019,15.07,3.93,9.95,8.7,10,10.03,9.73,2019
2019-11-01,168,6,29.4,13.5,,7.8,November 2019,14.91,3.31,9.88,8.59,11,6.73,9.73,2019
2019-12-01,169,3.64,30.72,13.5,,5.57,December 2019,14.99,3.89,7.48,6.55,12,4.47,9.03,2019
2020-01-01,170,5.74,30.77,13.5,,5.01,January 2020,14.97,3.89,7.07,5.85,1,3.45,8.01,2020
2020-02-01,171,8.91,30.63,13.5,,5.09,February 2020,15.04,3.89,7.08,6.17,2,3,8.02,2020
2020-03-01,172,10.29,30.48,13.5,,5.04,March 2020,14.71,3.89,6.84,6.15,3,2.39,8.61,2020
2020-04-01,173,7.33,30.73,13.5,,4.97,April 2020,14.92,3.69,6.28,5.99,4,1.91,7.68,2020
2020-05-01,174,5.22,30.69,12.5,,4.9,May 2020,14.73,3.83,5.91,5.67,5,2.47,7.63,2020
2020-06-01,175,5.75,30.57,12.5,,3.33,June 2020,15.65,3.78,4.98,4.7,6,1.94,7.12,2020
2020-07-01,176,6.25,28.42,12.5,,3.02,July 2020,12.1,3.78,4.83,4.31,7,1.3,5.89,2020
2020-08-01,177,5.74,29.51,12.5,,2.97,August 2020,11.76,3.78,4.41,4.05,8,1.17,4.89,2020
2020-09-01,178,2,28.45,11.5,,2.49,September 2020,11.55,2.41,3.74,3.7,9,1.1,5.37,2020
2020-10-01,179,0,28.36,11.5,,2.24,October 2020,11.31,1.87,2.72,3.52,10,0.86,4.99,2020
2020-11-01,180,1.75,28.85,11.5,,1.92,November 2020,11.6,1.84,2.84,2.9,11,0.03,4.89,2020
2020-12-01,181,1.25,28.31,11.5,,1.64,December 2020,11.35,2.04,2.65,2.74,12,0.03,5.99,2020
2021-01-01,182,4.4,28.3,11.5,,1.64,January 2021,11.25,1.86,2.74,2.88,1,0.52,5.01,2021
2021-02-01,184,11.43,28.54,11.5,,1.82,February 2021,11.21,1.79,3.22,3.13,2,1.49,5.36,2021
2021-03-01,185,10.1,28.74,11.5,,2.06,March 2021,11.13,1.86,2.8,3.05,3,2,4.94,2021
2021-04-01,186,30,28.64,11.5,,2.33,April 2021,11.24,1.86,3.5,3.32,4,2,5.78,2021
2021-05-01,187,15.23,28.39,11.5,,2.84,May 2021,11.29,1.83,4.47,4,5,2.5,6.14,2021
2021-06-01,188,16.57,29.05,11.5,,3.36,June 2021,11.67,1.81,5.14,4.96,6,2.5,6.54,2021
2021-07-01,189,12.38,27.99,11.5,,3.27,July 2021,11.57,1.82,4.83,4.78,7,2.5,6.3,2021
2021-08-01,191,13.45,28,11.5,,3.6,August 2021,11.62,1.82,5.3,4.8,8,2.5,6.73,2021
2021-09-01,192,13.21,27.1,11.5,,3.71,September 2021,11.73,1.28,5.83,4.65,9,2.5,6.72,2021
2021-10-01,193,13.33,27.1,11.5,,3.8,October 2021,11.61,1.28,5.61,5.02,10,2.5,7.4,2021
2021-11-01,194,11.53,27.26,11.5,,3.72,November 2021,11.8,1.83,5.36,4.96,11,2.5,7.34,2021
2021-12-01,195,0,27.58,11.5,,3.73,December 2021,11.68,1.25,4.82,4.94,12,2.49,6.79,2021
2022-01-01,196,14.31,27.65,11.5,,3.79,January 2022,11.68,1.25,4.67,5,1,2.49,5.86,2022
2022-02-01,197,9.3,30.73,11.5,,3.46,February 2022,11.78,1.25,4.56,4.48,2,2.3,5.84,2022
2022-03-01,198,11.33,26.61,11.5,,3.33,March 2022,11.84,1.28,4.53,4.41,3,1.75,5.82,2022
2022-04-01,199,8.67,27.79,11.5,,2.96,April 2022,11.83,1.28,4.98,4.44,4,1.74,5.46,2022
2022-05-01,200,8.38,27.37,13,,3.57,May 2022,11.96,1.37,5.68,4.7,5,2.47,5.73,2022
2022-06-01,201,11.1,27.61,13,,3.48,June 2022,12.29,1.38,4.97,4.55,6,2.41,5.3,2022
2022-07-01,202,13,27.61,14,,3.64,July 2022,12.1,1.42,5.87,4.96,7,2.76,5.76,2022
2022-08-01,203,15,28.3,14,,5.58,August 2022,12.23,2.93,7.8,6.79,8,3.83,7.07,2022
2022-09-01,204,0,28.06,15.5,,6.32,September 2022,12.23,4.08,7.4,6.99,9,5.68,6.53,2022
2022-10-01,205,0,28.06,15.5,,7.04,October 2022,12.23,3.77,7.43,8.01,10,6.49,7.07,2022
2022-11-01,206,12.25,28.14,16.5,,7.38,November 2022,13.17,3.93,8.98,8.45,11,6.5,7.87,2022
2022-12-01,207,12,29.13,16.5,,8.15,December 2022,13.85,4.13,8.68,8.79,12,4.35,8.22,2022
2023-01-01,208,10.35,27.63,17.5,,8.18,January 2023,13.67,4.29,7.35,8.76,1,1.39,7.79,2023
2023-02-01,209,12.54,28.75,17.5,,7.56,February 2023,13.62,4.3,8.91,7.78,2,2.09,8.84,2023
2023-03-01,210,14.75,28.08,18,,7.12,March 2023,13.97,4.58,9.35,7.63,3,3.81,7.84,2023
2023-04-01,211,15.8,28.59,18,,7.32,April 2023,14.05,4.59,9.84,7.92,4,5.73,8.18,2023
2023-05-01,212,12.31,28.31,18.5,,7.29,May 2023,14.07,5.13,9.84,7.95,5,2.98,8.23,2023
2023-06-01,213,11.66,28.94,18.5,,7.15,June 2023,13.85,5.18,8.54,7.68,6,3.87,7.83,2023
2023-07-01,214,6.73,27.38,18.75,,7.11,July 2023,13.98,5.24,8.25,7.62,7,4.45,7.81,2023
2023-08-01,215,3.89,27.59,18.75,,7.31,August 2023,13.99,5.26,8.3,7.55,8,5.13,8.13,2023
2023-09-01,216,12.73,27.24,18.75,,7.22,September 2023,14.32,5.26,8.44,7.52,9,5.29,8.49,2023
2023-10-01,217,7.2,28.97,18.75,,7.13,October 2023,14.39,5.26,8.93,8.57,10,5.39,8.79,2023
2023-11-01,218,19.39,27.61,18.75,,6.92,November 2023,14.05,5.26,9.95,7.53,11,7.73,9.06,2023
2023-12-01,219,16.99,26.62,18.75,,7.24,December 2023,14.17,5.28,8.42,7.56,12,8.93,9.75,2023
2024-01-01,220,16.43,27.07,18.75,,7.49,January 2024,13.82,5.28,8.29,9.26,1,4.33,9.93,2024
2024-02-01,221,19.25,26.55,22.75,,8.69,February 2024,15.06,5.86,9.61,9.89,2,17.03,10.75,2024
2024-03-01,222,27.95,29.38,24.75,,9.9,March 2024,15.7,6.28,10.54,10.9,3,16.53,11.04,2024
2024-04-01,223,29.88,29.49,24.75,,10.68,April 2024,15.54,6.29,11.74,11.65,4,16.24,11.23,2024
2024-05-01,224,30.29,28.67,26.25,,11.34,May 2024,15.54,6.68,13.03,11.29,5,16.44,12.19,2024
2024-06-01,225,25.13,29.11,26.25,,11.75,June 2024,15.85,6.67,15.09,12.05,6,16.37,13.08,2024
2024-07-01,226,25.77,28.89,26.75,,9.92,July 2024,15.89,6.74,16.36,15.2,7,16.99,16.93,2024
2024-08-01,227,28.44,29.93,26.75,,10.51,August 2024,17.01,6.75,16.59,14.4,8,18.3,16.24,2024
2024-09-01,228,27.92,30.21,27.25,,11.25,September 2024,16.75,6.79,13.93,12.08,9,16.91,13.78,2024
2024-10-01,229,27.83,30.28,27.25,,10.06,October 2024,17.36,7.56,13.26,11.65,10,17,13.57,2024
2024-11-01,230,28.88,31.06,27.5,,8.48,November 2024,18.39,6.56,12.13,9.53,11,18,14.22,2024
2024-12-01,231,28.71,29.71,27.5,,10.4,December 2024,18.56,7.51,13.18,11.59,12,18,13.33,2024
2025-01-01,232,28.58,29.79,27.5,,10.31,January 2025,18.49,7.5,14.44,11.99,1,18,14,2025
2025-02-01,233,31.03,30.5,27.5,,10.1,February 2025,18.35,7.51,13.59,11.54,2,17.48,9.73,2025
2025-03-01,234,28.09,30.19,27.5,,10.34,March 2025,17.96,7.5,14.3,11.19,3,17.41,11.39,2025
2025-04-01,235,26.54,30.11,27.5,,10.2,April 2025,18.32,7.5,13.82,11.4,4,18.34,11.31,2025
2025-05-01,236,26.57,29.84,27.5,,10.42,May 2025,18.01,7.53,10.81,10.18,5,19.07,10.51,2025
2025-06-01,237,25.14,29.51,27.5,,10.02,June 2025,18.19,7.52,9.03,10.77,6,17.9,11.55,2025
2025-07-01,238,30.73,29.31,27.5,,9.84,July 2025,18.54,7.38,11.71,10.86,7,15.12,11.34,2025
2025-08-01,239,27.55,29.13,27,,9.45,August 2025,18.88,7.38,11.68,11.06,8,15.61,10.36,2025
2025-09-01,240,26.06,29.84,27,,10.1,September 2025,11.9,7.32,11.59,12.29,9,15.17,11,2025
2025-10-01,241,24.5,29.56,27,,11.37,October 2025,18.89,7.43,11.12,11.32,10,15.07,11.78,2025
2025-11-01,242,22.5,29.69,27,,11.59,November 2025,18.89,7.43,11.61,10.82,11,15.3,11.79,2025
2025-12-01,243,22.5,29.32,27,,10.35,December 2025,18.02,7.42,10.92,11.82,12,15.38,11.34,2025
2026-01-01,244,22.5,32.68,27,,11.64,January 2026,19.54,7.29,11.4,12.01,1,15.48,12.05,2026
2026-02-01,245,22.5,35.17,26.5,,10.44,February 2026,19.29,7.36,11.18,11.77,2,15.84,12.38,2026
2026-03-01,246,,35.17,26.5,,11.43,March 2026,19.29,7.17,10.54,11.36,3,15.95,10.92,2026
2026-04-01,247,,35.17,26.5,,12.47,April 2026,18.87,7.34,10.61,9.17,4,15.95,10.44,2026
2026-05-01,248,,34.78,26.5,,12.61,May 2026,19.1,7.24,8.51,9.89,5,15.95,10.88,2026
2026-06-01,249,,33.16,26.5,,12.51,June 2026,19.06,7.32,8.01,10.05,6,16.16,10.32,2026
2026-07-01,250,,33.16,26.5,,12.31,July 2026,19.06,7.36,7.71,10.07,7,16.3,9.74,2026
