source,sitemap_url,last_modified
premium_times,https://www.premiumtimesng.com/post-sitemap.xml,2026-06-23T23:38:43+00:00
premium_times,https://www.premiumtimesng.com/post-sitemap2.xml,2012-08-10T05:23:19+00:00
premium_times,https://www.premiumtimesng.com/post-sitemap3.xml,2012-08-11T00:47:43+00:00
premium_times,https://www.premiumtimesng.com/post-sitemap4.xml,2012-09-11T00:55:28+00:00
premium_times,https://www.premiumtimesng.com/post-sitemap5.xml,2012-10-27T17:16:58+00:00
premium_times,https://www.premiumtimesng.com/post-sitemap6.xml,2012-12-04T06:37:19+00:00
premium_times,https://www.premiumtimesng.com/post-sitemap7.xml,2013-01-06T06:08:10+00:00
premium_times,https://www.premiumtimesng.com/post-sitemap8.xml,2013-02-05T19:01:43+00:00
premium_times,https://www.premiumtimesng.com/post-sitemap9.xml,2013-03-07T17:08:52+00:00
premium_times,https://www.premiumtimesng.com/post-sitemap10.xml,2013-04-01T07:55:31+00:00
premium_times,https://www.premiumtimesng.com/post-sitemap11.xml,2013-04-25T20:16:36+00:00
premium_times,https://www.premiumtimesng.com/post-sitemap12.xml,2013-05-17T20:06:08+00:00
premium_times,https://www.premiumtimesng.com/post-sitemap13.xml,2013-06-11T20:47:11+00:00
premium_times,https://www.premiumtimesng.com/post-sitemap14.xml,2013-07-06T19:16:31+00:00
premium_times,https://www.premiumtimesng.com/post-sitemap15.xml,2013-08-03T06:24:02+00:00
premium_times,https://www.premiumtimesng.com/post-sitemap16.xml,2013-08-30T15:47:59+00:00
premium_times,https://www.premiumtimesng.com/post-sitemap17.xml,2013-09-30T20:22:36+00:00
premium_times,https://www.premiumtimesng.com/post-sitemap18.xml,2013-11-04T10:08:29+00:00
premium_times,https://www.premiumtimesng.com/post-sitemap19.xml,2013-12-05T17:31:48+00:00
premium_times,https://www.premiumtimesng.com/post-sitemap20.xml,2014-01-06T20:34:34+00:00
premium_times,https://www.premiumtimesng.com/post-sitemap21.xml,2014-02-04T16:54:47+00:00
premium_times,https://www.premiumtimesng.com/post-sitemap22.xml,2014-03-06T13:05:12+00:00
premium_times,https://www.premiumtimesng.com/post-sitemap23.xml,2014-04-02T19:02:33+00:00
premium_times,https://www.premiumtimesng.com/post-sitemap24.xml,2014-05-02T13:19:40+00:00
premium_times,https://www.premiumtimesng.com/post-sitemap25.xml,2014-06-03T15:35:49+00:00
premium_times,https://www.premiumtimesng.com/post-sitemap26.xml,2014-06-30T17:52:48+00:00
premium_times,https://www.premiumtimesng.com/post-sitemap27.xml,2014-08-05T20:36:30+00:00
premium_times,https://www.premiumtimesng.com/post-sitemap28.xml,2014-09-15T11:01:14+00:00
premium_times,https://www.premiumtimesng.com/post-sitemap29.xml,2014-10-26T19:43:29+00:00
premium_times,https://www.premiumtimesng.com/post-sitemap30.xml,2014-12-05T09:55:26+00:00
premium_times,https://www.premiumtimesng.com/post-sitemap31.xml,2015-01-15T19:26:59+00:00
premium_times,https://www.premiumtimesng.com/post-sitemap32.xml,2015-02-20T15:02:03+00:00
premium_times,https://www.premiumtimesng.com/post-sitemap33.xml,2015-03-26T18:32:09+00:00
premium_times,https://www.premiumtimesng.com/post-sitemap34.xml,2015-04-26T21:58:31+00:00
premium_times,https://www.premiumtimesng.com/post-sitemap35.xml,2015-06-03T15:44:01+00:00
premium_times,https://www.premiumtimesng.com/post-sitemap36.xml,2015-07-08T20:02:24+00:00
premium_times,https://www.premiumtimesng.com/post-sitemap37.xml,2015-08-13T13:26:17+00:00
premium_times,https://www.premiumtimesng.com/post-sitemap38.xml,2015-09-20T18:33:51+00:00
premium_times,https://www.premiumtimesng.com/post-sitemap39.xml,2015-10-31T10:10:12+00:00
premium_times,https://www.premiumtimesng.com/post-sitemap40.xml,2015-12-08T15:12:24+00:00
premium_times,https://www.premiumtimesng.com/post-sitemap41.xml,2016-01-20T18:29:36+00:00
premium_times,https://www.premiumtimesng.com/post-sitemap42.xml,2016-03-01T09:07:07+00:00
premium_times,https://www.premiumtimesng.com/post-sitemap43.xml,2016-04-05T17:10:19+00:00
premium_times,https://www.premiumtimesng.com/post-sitemap44.xml,2016-05-11T12:19:26+00:00
premium_times,https://www.premiumtimesng.com/post-sitemap45.xml,2016-06-14T18:38:55+00:00
premium_times,https://www.premiumtimesng.com/post-sitemap46.xml,2016-07-24T06:09:02+00:00
premium_times,https://www.premiumtimesng.com/post-sitemap47.xml,2016-08-29T21:15:47+00:00
premium_times,https://www.premiumtimesng.com/post-sitemap48.xml,2016-09-28T12:35:31+00:00
premium_times,https://www.premiumtimesng.com/post-sitemap49.xml,2016-10-25T14:17:02+00:00
premium_times,https://www.premiumtimesng.com/post-sitemap50.xml,2016-11-16T20:11:45+00:00
premium_times,https://www.premiumtimesng.com/post-sitemap51.xml,2016-12-07T19:53:15+00:00
premium_times,https://www.premiumtimesng.com/post-sitemap52.xml,2016-12-30T18:30:12+00:00
premium_times,https://www.premiumtimesng.com/post-sitemap53.xml,2017-03-07T17:09:53+00:00
premium_times,https://www.premiumtimesng.com/post-sitemap54.xml,2017-03-29T20:12:15+00:00
premium_times,https://www.premiumtimesng.com/post-sitemap55.xml,2017-04-24T08:44:53+00:00
premium_times,https://www.premiumtimesng.com/post-sitemap56.xml,2017-05-16T16:18:28+00:00
premium_times,https://www.premiumtimesng.com/post-sitemap57.xml,2017-06-08T17:25:43+00:00
premium_times,https://www.premiumtimesng.com/post-sitemap58.xml,2017-06-30T10:09:44+00:00
premium_times,https://www.premiumtimesng.com/post-sitemap59.xml,2017-07-19T17:01:46+00:00
premium_times,https://www.premiumtimesng.com/post-sitemap60.xml,2017-08-08T17:06:42+00:00
premium_times,https://www.premiumtimesng.com/post-sitemap61.xml,2017-08-29T18:20:38+00:00
premium_times,https://www.premiumtimesng.com/post-sitemap62.xml,2017-09-21T22:43:48+00:00
premium_times,https://www.premiumtimesng.com/post-sitemap63.xml,2017-10-11T19:20:29+00:00
premium_times,https://www.premiumtimesng.com/post-sitemap64.xml,2017-10-31T20:25:09+00:00
premium_times,https://www.premiumtimesng.com/post-sitemap65.xml,2017-11-22T12:55:12+00:00
premium_times,https://www.premiumtimesng.com/post-sitemap66.xml,2017-12-11T15:33:32+00:00
premium_times,https://www.premiumtimesng.com/post-sitemap67.xml,2018-01-01T20:53:53+00:00
premium_times,https://www.premiumtimesng.com/post-sitemap68.xml,2018-01-18T20:24:05+00:00
premium_times,https://www.premiumtimesng.com/post-sitemap69.xml,2018-02-07T13:48:01+00:00
premium_times,https://www.premiumtimesng.com/post-sitemap70.xml,2018-02-24T10:47:09+00:00
premium_times,https://www.premiumtimesng.com/post-sitemap71.xml,2018-03-13T18:49:27+00:00
premium_times,https://www.premiumtimesng.com/post-sitemap72.xml,2018-03-30T16:53:04+00:00
premium_times,https://www.premiumtimesng.com/post-sitemap73.xml,2018-04-19T12:21:22+00:00
premium_times,https://www.premiumtimesng.com/post-sitemap74.xml,2018-05-06T21:09:53+00:00
premium_times,https://www.premiumtimesng.com/post-sitemap75.xml,2018-05-22T13:16:06+00:00
premium_times,https://www.premiumtimesng.com/post-sitemap76.xml,2018-06-07T16:01:18+00:00
premium_times,https://www.premiumtimesng.com/post-sitemap77.xml,2018-06-26T11:45:18+00:00
premium_times,https://www.premiumtimesng.com/post-sitemap78.xml,2018-07-12T11:13:12+00:00
premium_times,https://www.premiumtimesng.com/post-sitemap79.xml,2018-07-30T16:46:42+00:00
premium_times,https://www.premiumtimesng.com/post-sitemap80.xml,2018-08-16T19:05:46+00:00
premium_times,https://www.premiumtimesng.com/post-sitemap81.xml,2018-09-04T19:04:01+00:00
premium_times,https://www.premiumtimesng.com/post-sitemap82.xml,2018-09-22T16:17:42+00:00
premium_times,https://www.premiumtimesng.com/post-sitemap83.xml,2018-10-09T20:11:35+00:00
premium_times,https://www.premiumtimesng.com/post-sitemap84.xml,2018-10-28T14:34:51+00:00
premium_times,https://www.premiumtimesng.com/post-sitemap85.xml,2018-11-17T15:52:33+00:00
premium_times,https://www.premiumtimesng.com/post-sitemap86.xml,2018-12-06T15:35:03+00:00
premium_times,https://www.premiumtimesng.com/post-sitemap87.xml,2018-12-27T15:02:24+00:00
premium_times,https://www.premiumtimesng.com/post-sitemap88.xml,2019-01-17T19:47:43+00:00
premium_times,https://www.premiumtimesng.com/post-sitemap89.xml,2019-02-05T18:18:51+00:00
premium_times,https://www.premiumtimesng.com/post-sitemap90.xml,2019-02-07T14:19:20+00:00
premium_times,https://www.premiumtimesng.com/post-sitemap91.xml,2019-02-20T10:20:59+00:00
premium_times,https://www.premiumtimesng.com/post-sitemap92.xml,2019-02-24T01:22:06+00:00
premium_times,https://www.premiumtimesng.com/post-sitemap93.xml,2019-03-10T08:31:56+00:00
premium_times,https://www.premiumtimesng.com/post-sitemap94.xml,2019-03-27T11:08:11+00:00
premium_times,https://www.premiumtimesng.com/post-sitemap95.xml,2019-04-16T21:40:47+00:00
premium_times,https://www.premiumtimesng.com/post-sitemap96.xml,2019-05-09T18:35:19+00:00
premium_times,https://www.premiumtimesng.com/post-sitemap97.xml,2019-05-30T19:00:51+00:00
premium_times,https://www.premiumtimesng.com/post-sitemap98.xml,2019-06-22T12:15:21+00:00
premium_times,https://www.premiumtimesng.com/post-sitemap99.xml,2019-07-14T16:28:22+00:00
premium_times,https://www.premiumtimesng.com/post-sitemap100.xml,2019-08-04T16:50:46+00:00
premium_times,https://www.premiumtimesng.com/post-sitemap101.xml,2019-08-26T19:14:52+00:00
premium_times,https://www.premiumtimesng.com/post-sitemap102.xml,2019-09-16T14:58:39+00:00
premium_times,https://www.premiumtimesng.com/post-sitemap103.xml,2019-10-07T18:13:32+00:00
premium_times,https://www.premiumtimesng.com/post-sitemap104.xml,2019-10-30T14:17:31+00:00
premium_times,https://www.premiumtimesng.com/post-sitemap105.xml,2019-11-22T14:04:07+00:00
premium_times,https://www.premiumtimesng.com/post-sitemap106.xml,2019-12-18T10:40:08+00:00
premium_times,https://www.premiumtimesng.com/post-sitemap107.xml,2020-01-15T12:11:10+00:00
premium_times,https://www.premiumtimesng.com/post-sitemap108.xml,2020-02-11T14:09:41+00:00
premium_times,https://www.premiumtimesng.com/post-sitemap109.xml,2020-03-09T12:15:34+00:00
premium_times,https://www.premiumtimesng.com/post-sitemap110.xml,2020-04-03T10:31:10+00:00
premium_times,https://www.premiumtimesng.com/post-sitemap111.xml,2020-04-19T13:03:06+00:00
premium_times,https://www.premiumtimesng.com/post-sitemap112.xml,2020-05-12T07:20:10+00:00
premium_times,https://www.premiumtimesng.com/post-sitemap113.xml,2020-06-03T10:33:42+00:00
premium_times,https://www.premiumtimesng.com/post-sitemap114.xml,2020-06-25T10:39:01+00:00
premium_times,https://www.premiumtimesng.com/post-sitemap115.xml,2020-07-16T12:04:04+00:00
premium_times,https://www.premiumtimesng.com/post-sitemap116.xml,2020-08-06T20:09:15+00:00
premium_times,https://www.premiumtimesng.com/post-sitemap117.xml,2020-08-27T17:10:18+00:00
premium_times,https://www.premiumtimesng.com/post-sitemap118.xml,2020-09-18T16:45:57+00:00
premium_times,https://www.premiumtimesng.com/post-sitemap119.xml,2020-10-10T21:14:56+00:00
premium_times,https://www.premiumtimesng.com/post-sitemap120.xml,2020-10-29T15:19:59+00:00
premium_times,https://www.premiumtimesng.com/post-sitemap121.xml,2020-11-22T09:06:41+00:00
premium_times,https://www.premiumtimesng.com/post-sitemap122.xml,2020-12-14T18:24:58+00:00
premium_times,https://www.premiumtimesng.com/post-sitemap123.xml,2021-01-06T17:40:58+00:00
premium_times,https://www.premiumtimesng.com/post-sitemap124.xml,2021-01-28T10:27:13+00:00
premium_times,https://www.premiumtimesng.com/post-sitemap125.xml,2021-02-16T19:56:28+00:00
premium_times,https://www.premiumtimesng.com/post-sitemap126.xml,2021-03-07T08:24:02+00:00
premium_times,https://www.premiumtimesng.com/post-sitemap127.xml,2021-03-26T14:54:48+00:00
premium_times,https://www.premiumtimesng.com/post-sitemap128.xml,2021-04-16T18:20:46+00:00
premium_times,https://www.premiumtimesng.com/post-sitemap129.xml,2021-05-06T09:22:47+00:00
premium_times,https://www.premiumtimesng.com/post-sitemap130.xml,2021-05-26T16:42:29+00:00
premium_times,https://www.premiumtimesng.com/post-sitemap131.xml,2021-06-16T10:20:10+00:00
premium_times,https://www.premiumtimesng.com/post-sitemap132.xml,2021-07-06T08:56:26+00:00
premium_times,https://www.premiumtimesng.com/post-sitemap133.xml,2021-07-27T12:21:42+00:00
premium_times,https://www.premiumtimesng.com/post-sitemap134.xml,2021-08-18T19:12:38+00:00
premium_times,https://www.premiumtimesng.com/post-sitemap135.xml,2021-09-10T20:19:35+00:00
premium_times,https://www.premiumtimesng.com/post-sitemap136.xml,2021-10-04T19:36:35+00:00
premium_times,https://www.premiumtimesng.com/post-sitemap137.xml,2021-10-28T20:42:13+00:00
premium_times,https://www.premiumtimesng.com/post-sitemap138.xml,2021-11-20T13:58:07+00:00
premium_times,https://www.premiumtimesng.com/post-sitemap139.xml,2021-12-13T08:23:24+00:00
premium_times,https://www.premiumtimesng.com/post-sitemap140.xml,2022-01-09T05:42:40+00:00
premium_times,https://www.premiumtimesng.com/post-sitemap141.xml,2022-02-01T17:12:58+00:00
premium_times,https://www.premiumtimesng.com/post-sitemap142.xml,2022-02-23T20:56:02+00:00
premium_times,https://www.premiumtimesng.com/post-sitemap143.xml,2022-03-17T13:42:56+00:00
premium_times,https://www.premiumtimesng.com/post-sitemap144.xml,2022-04-07T16:54:45+00:00
premium_times,https://www.premiumtimesng.com/post-sitemap145.xml,2022-04-29T12:30:18+00:00
premium_times,https://www.premiumtimesng.com/post-sitemap146.xml,2022-05-20T13:05:16+00:00
premium_times,https://www.premiumtimesng.com/post-sitemap147.xml,2022-06-07T21:53:50+00:00
premium_times,https://www.premiumtimesng.com/post-sitemap148.xml,2022-06-29T15:55:25+00:00
premium_times,https://www.premiumtimesng.com/post-sitemap149.xml,2022-07-21T08:18:41+00:00
premium_times,https://www.premiumtimesng.com/post-sitemap150.xml,2022-08-12T17:41:19+00:00
premium_times,https://www.premiumtimesng.com/post-sitemap151.xml,2022-09-05T13:51:22+00:00
premium_times,https://www.premiumtimesng.com/post-sitemap152.xml,2022-09-28T11:41:30+00:00
premium_times,https://www.premiumtimesng.com/post-sitemap153.xml,2022-10-21T10:25:44+00:00
premium_times,https://www.premiumtimesng.com/post-sitemap154.xml,2022-11-14T11:29:16+00:00
premium_times,https://www.premiumtimesng.com/post-sitemap155.xml,2022-12-11T10:21:22+00:00
premium_times,https://www.premiumtimesng.com/post-sitemap156.xml,2023-01-11T09:57:40+00:00
premium_times,https://www.premiumtimesng.com/post-sitemap157.xml,2023-02-03T22:18:35+00:00
premium_times,https://www.premiumtimesng.com/post-sitemap158.xml,2023-02-25T19:56:38+00:00
premium_times,https://www.premiumtimesng.com/post-sitemap159.xml,2023-03-18T19:11:22+00:00
premium_times,https://www.premiumtimesng.com/post-sitemap160.xml,2023-04-09T11:12:47+00:00
premium_times,https://www.premiumtimesng.com/post-sitemap161.xml,2023-05-05T09:58:06+00:00
premium_times,https://www.premiumtimesng.com/post-sitemap162.xml,2023-05-29T11:46:01+00:00
premium_times,https://www.premiumtimesng.com/post-sitemap163.xml,2023-06-20T23:28:02+00:00
premium_times,https://www.premiumtimesng.com/post-sitemap164.xml,2023-07-15T21:06:36+00:00
premium_times,https://www.premiumtimesng.com/post-sitemap165.xml,2023-08-10T02:00:10+00:00
premium_times,https://www.premiumtimesng.com/post-sitemap166.xml,2023-09-08T05:02:06+00:00
premium_times,https://www.premiumtimesng.com/post-sitemap167.xml,2023-10-03T14:50:36+00:00
premium_times,https://www.premiumtimesng.com/post-sitemap168.xml,2023-10-25T07:04:29+00:00
premium_times,https://www.premiumtimesng.com/post-sitemap169.xml,2023-11-13T14:34:01+00:00
premium_times,https://www.premiumtimesng.com/post-sitemap170.xml,2023-12-06T20:03:16+00:00
premium_times,https://www.premiumtimesng.com/post-sitemap171.xml,2024-01-03T09:19:31+00:00
premium_times,https://www.premiumtimesng.com/post-sitemap172.xml,2024-01-27T15:03:15+00:00
premium_times,https://www.premiumtimesng.com/post-sitemap173.xml,2024-02-18T18:43:54+00:00
premium_times,https://www.premiumtimesng.com/post-sitemap174.xml,2024-03-10T18:35:55+00:00
premium_times,https://www.premiumtimesng.com/post-sitemap175.xml,2024-04-03T08:54:04+00:00
premium_times,https://www.premiumtimesng.com/post-sitemap176.xml,2024-04-27T09:51:55+00:00
premium_times,https://www.premiumtimesng.com/post-sitemap177.xml,2024-05-22T07:08:46+00:00
premium_times,https://www.premiumtimesng.com/post-sitemap178.xml,2024-06-14T14:34:11+00:00
premium_times,https://www.premiumtimesng.com/post-sitemap179.xml,2024-07-08T06:26:16+00:00
premium_times,https://www.premiumtimesng.com/post-sitemap180.xml,2024-07-29T18:32:55+00:00
premium_times,https://www.premiumtimesng.com/post-sitemap181.xml,2024-08-20T13:11:36+00:00
premium_times,https://www.premiumtimesng.com/post-sitemap182.xml,2024-09-11T19:46:29+00:00
premium_times,https://www.premiumtimesng.com/post-sitemap183.xml,2024-10-01T09:25:44+00:00
premium_times,https://www.premiumtimesng.com/post-sitemap184.xml,2024-10-23T19:42:16+00:00
premium_times,https://www.premiumtimesng.com/post-sitemap185.xml,2024-11-13T14:03:52+00:00
premium_times,https://www.premiumtimesng.com/post-sitemap186.xml,2024-12-04T11:02:09+00:00
premium_times,https://www.premiumtimesng.com/post-sitemap187.xml,2024-12-30T16:01:53+00:00
premium_times,https://www.premiumtimesng.com/post-sitemap188.xml,2025-01-22T11:33:28+00:00
premium_times,https://www.premiumtimesng.com/post-sitemap189.xml,2025-02-12T14:34:47+00:00
premium_times,https://www.premiumtimesng.com/post-sitemap190.xml,2025-03-04T18:41:30+00:00
premium_times,https://www.premiumtimesng.com/post-sitemap191.xml,2025-03-25T14:28:50+00:00
premium_times,https://www.premiumtimesng.com/post-sitemap192.xml,2025-04-16T15:17:21+00:00
premium_times,https://www.premiumtimesng.com/post-sitemap193.xml,2025-05-09T10:27:19+00:00
premium_times,https://www.premiumtimesng.com/post-sitemap194.xml,2025-05-30T17:13:55+00:00
premium_times,https://www.premiumtimesng.com/post-sitemap195.xml,2025-06-23T10:41:33+00:00
premium_times,https://www.premiumtimesng.com/post-sitemap196.xml,2025-07-14T05:26:13+00:00
premium_times,https://www.premiumtimesng.com/post-sitemap197.xml,2025-08-03T12:44:38+00:00
premium_times,https://www.premiumtimesng.com/post-sitemap198.xml,2025-08-23T14:26:49+00:00
premium_times,https://www.premiumtimesng.com/post-sitemap199.xml,2025-09-23T19:25:40+00:00
premium_times,https://www.premiumtimesng.com/post-sitemap200.xml,2025-10-02T08:57:17+00:00
premium_times,https://www.premiumtimesng.com/post-sitemap201.xml,2025-10-22T20:54:28+00:00
premium_times,https://www.premiumtimesng.com/post-sitemap202.xml,2025-11-11T06:02:14+00:00
premium_times,https://www.premiumtimesng.com/post-sitemap203.xml,2025-11-27T20:31:44+00:00
premium_times,https://www.premiumtimesng.com/post-sitemap204.xml,2025-12-16T22:03:06+00:00
premium_times,https://www.premiumtimesng.com/post-sitemap205.xml,2026-01-07T18:08:14+00:00
premium_times,https://www.premiumtimesng.com/post-sitemap206.xml,2026-01-27T12:57:56+00:00
premium_times,https://www.premiumtimesng.com/post-sitemap207.xml,2026-02-15T06:57:20+00:00
premium_times,https://www.premiumtimesng.com/post-sitemap208.xml,2026-03-03T13:00:00+00:00
premium_times,https://www.premiumtimesng.com/post-sitemap209.xml,2026-03-20T16:53:58+00:00
premium_times,https://www.premiumtimesng.com/post-sitemap210.xml,2026-04-08T19:18:07+00:00
premium_times,https://www.premiumtimesng.com/post-sitemap211.xml,2026-04-26T14:43:24+00:00
premium_times,https://www.premiumtimesng.com/post-sitemap212.xml,2026-05-13T21:25:00+00:00
premium_times,https://www.premiumtimesng.com/post-sitemap213.xml,2026-05-29T13:35:28+00:00
premium_times,https://www.premiumtimesng.com/post-sitemap214.xml,2026-06-16T09:36:01+00:00
premium_times,https://www.premiumtimesng.com/post-sitemap215.xml,2026-06-23T23:38:43+00:00
premium_times,https://www.premiumtimesng.com/page-sitemap.xml,2026-06-22T12:50:41+00:00
premium_times,https://www.premiumtimesng.com/category-sitemap.xml,2026-06-23T23:38:43+00:00
premium_times,https://www.premiumtimesng.com/post_tag-sitemap.xml,2026-06-22T18:59:55+00:00
premium_times,https://www.premiumtimesng.com/post_tag-sitemap2.xml,2026-06-23T14:13:06+00:00
premium_times,https://www.premiumtimesng.com/post_tag-sitemap3.xml,2026-06-19T21:34:55+00:00
premium_times,https://www.premiumtimesng.com/post_tag-sitemap4.xml,2026-06-16T09:44:15+00:00
premium_times,https://www.premiumtimesng.com/post_tag-sitemap5.xml,2026-06-23T06:41:16+00:00
premium_times,https://www.premiumtimesng.com/post_tag-sitemap6.xml,2026-06-16T13:28:09+00:00
premium_times,https://www.premiumtimesng.com/post_tag-sitemap7.xml,2026-06-23T10:54:44+00:00
premium_times,https://www.premiumtimesng.com/post_tag-sitemap8.xml,2026-06-22T18:10:26+00:00
premium_times,https://www.premiumtimesng.com/post_tag-sitemap9.xml,2026-06-22T18:42:05+00:00
premium_times,https://www.premiumtimesng.com/post_tag-sitemap10.xml,2026-06-23T18:41:21+00:00
premium_times,https://www.premiumtimesng.com/post_tag-sitemap11.xml,2026-06-23T11:08:15+00:00
premium_times,https://www.premiumtimesng.com/post_tag-sitemap12.xml,2026-06-21T18:43:57+00:00
premium_times,https://www.premiumtimesng.com/post_tag-sitemap13.xml,2026-06-23T15:45:37+00:00
premium_times,https://www.premiumtimesng.com/post_tag-sitemap14.xml,2026-06-23T07:08:44+00:00
premium_times,https://www.premiumtimesng.com/post_tag-sitemap15.xml,2026-06-21T06:51:06+00:00
premium_times,https://www.premiumtimesng.com/post_tag-sitemap16.xml,2026-06-22T16:18:02+00:00
premium_times,https://www.premiumtimesng.com/post_tag-sitemap17.xml,2026-06-21T14:42:59+00:00
premium_times,https://www.premiumtimesng.com/post_tag-sitemap18.xml,2026-06-23T17:28:04+00:00
premium_times,https://www.premiumtimesng.com/post_tag-sitemap19.xml,2026-06-21T14:59:29+00:00
premium_times,https://www.premiumtimesng.com/post_tag-sitemap20.xml,2026-06-18T14:59:48+00:00
premium_times,https://www.premiumtimesng.com/post_tag-sitemap21.xml,2026-06-22T11:01:52+00:00
premium_times,https://www.premiumtimesng.com/post_tag-sitemap22.xml,2026-06-23T16:02:24+00:00
premium_times,https://www.premiumtimesng.com/post_tag-sitemap23.xml,2026-06-22T12:28:55+00:00
premium_times,https://www.premiumtimesng.com/post_tag-sitemap24.xml,2026-06-23T07:50:13+00:00
premium_times,https://www.premiumtimesng.com/post_tag-sitemap25.xml,2026-06-23T17:28:04+00:00
premium_times,https://www.premiumtimesng.com/post_tag-sitemap26.xml,2026-06-23T14:13:06+00:00
premium_times,https://www.premiumtimesng.com/post_tag-sitemap27.xml,2026-06-22T03:31:46+00:00
premium_times,https://www.premiumtimesng.com/post_tag-sitemap28.xml,2026-06-18T12:18:29+00:00
premium_times,https://www.premiumtimesng.com/post_tag-sitemap29.xml,2026-06-23T16:11:39+00:00
premium_times,https://www.premiumtimesng.com/post_tag-sitemap30.xml,2026-06-23T07:08:44+00:00
premium_times,https://www.premiumtimesng.com/post_tag-sitemap31.xml,2026-06-23T17:28:04+00:00
premium_times,https://www.premiumtimesng.com/post_tag-sitemap32.xml,2026-06-23T17:28:04+00:00
premium_times,https://www.premiumtimesng.com/post_tag-sitemap33.xml,2026-06-23T07:08:44+00:00
premium_times,https://www.premiumtimesng.com/post_tag-sitemap34.xml,2026-06-23T19:37:16+00:00
premium_times,https://www.premiumtimesng.com/post_tag-sitemap35.xml,2026-06-23T10:29:31+00:00
premium_times,https://www.premiumtimesng.com/post_tag-sitemap36.xml,2026-06-23T13:28:07+00:00
premium_times,https://www.premiumtimesng.com/post_tag-sitemap37.xml,2026-06-23T08:47:38+00:00
premium_times,https://www.premiumtimesng.com/post_tag-sitemap38.xml,2026-06-23T07:10:12+00:00
premium_times,https://www.premiumtimesng.com/post_tag-sitemap39.xml,2026-06-23T07:50:13+00:00
premium_times,https://www.premiumtimesng.com/post_tag-sitemap40.xml,2026-06-23T07:42:24+00:00
premium_times,https://www.premiumtimesng.com/post_tag-sitemap41.xml,2026-06-23T10:54:44+00:00
premium_times,https://www.premiumtimesng.com/post_tag-sitemap42.xml,2026-06-23T13:20:06+00:00
premium_times,https://www.premiumtimesng.com/post_tag-sitemap43.xml,2026-06-22T22:35:49+00:00
premium_times,https://www.premiumtimesng.com/post_tag-sitemap44.xml,2026-06-23T11:02:31+00:00
premium_times,https://www.premiumtimesng.com/post_tag-sitemap45.xml,2026-06-23T11:02:31+00:00
premium_times,https://www.premiumtimesng.com/post_tag-sitemap46.xml,2026-06-23T19:41:55+00:00
premium_times,https://www.premiumtimesng.com/post_tag-sitemap47.xml,2026-06-21T03:14:22+00:00
premium_times,https://www.premiumtimesng.com/post_tag-sitemap48.xml,2026-06-23T19:41:55+00:00
premium_times,https://www.premiumtimesng.com/post_tag-sitemap49.xml,2026-06-23T16:28:07+00:00
premium_times,https://www.premiumtimesng.com/post_tag-sitemap50.xml,2026-06-23T13:20:06+00:00
premium_times,https://www.premiumtimesng.com/post_tag-sitemap51.xml,2026-06-22T12:28:55+00:00
premium_times,https://www.premiumtimesng.com/post_tag-sitemap52.xml,2026-06-23T16:01:37+00:00
premium_times,https://www.premiumtimesng.com/post_tag-sitemap53.xml,2026-06-22T18:42:05+00:00
premium_times,https://www.premiumtimesng.com/post_tag-sitemap54.xml,2026-06-23T07:08:44+00:00
premium_times,https://www.premiumtimesng.com/post_tag-sitemap55.xml,2026-06-22T12:28:55+00:00
premium_times,https://www.premiumtimesng.com/post_tag-sitemap56.xml,2026-06-20T15:51:05+00:00
premium_times,https://www.premiumtimesng.com/post_tag-sitemap57.xml,2026-06-23T16:11:39+00:00
premium_times,https://www.premiumtimesng.com/post_tag-sitemap58.xml,2026-06-23T14:41:57+00:00
premium_times,https://www.premiumtimesng.com/post_tag-sitemap59.xml,2026-06-20T22:31:07+00:00
premium_times,https://www.premiumtimesng.com/post_tag-sitemap60.xml,2026-06-23T19:41:36+00:00
premium_times,https://www.premiumtimesng.com/post_tag-sitemap61.xml,2026-06-22T11:44:40+00:00
premium_times,https://www.premiumtimesng.com/post_tag-sitemap62.xml,2026-06-23T15:57:15+00:00
premium_times,https://www.premiumtimesng.com/post_tag-sitemap63.xml,2026-06-23T16:11:39+00:00
premium_times,https://www.premiumtimesng.com/post_tag-sitemap64.xml,2026-06-20T19:44:31+00:00
premium_times,https://www.premiumtimesng.com/post_tag-sitemap65.xml,2026-06-22T19:44:38+00:00
premium_times,https://www.premiumtimesng.com/post_tag-sitemap66.xml,2026-06-23T18:41:21+00:00
premium_times,https://www.premiumtimesng.com/post_tag-sitemap67.xml,2026-06-22T12:28:55+00:00
premium_times,https://www.premiumtimesng.com/post_tag-sitemap68.xml,2026-06-23T07:08:44+00:00
premium_times,https://www.premiumtimesng.com/post_tag-sitemap69.xml,2026-06-23T15:45:37+00:00
premium_times,https://www.premiumtimesng.com/post_tag-sitemap70.xml,2026-06-22T21:06:53+00:00
premium_times,https://www.premiumtimesng.com/post_tag-sitemap71.xml,2026-06-20T11:23:49+00:00
premium_times,https://www.premiumtimesng.com/post_tag-sitemap72.xml,2026-06-23T18:33:51+00:00
premium_times,https://www.premiumtimesng.com/post_tag-sitemap73.xml,2026-06-22T11:00:39+00:00
premium_times,https://www.premiumtimesng.com/post_tag-sitemap74.xml,2026-06-23T10:29:31+00:00
premium_times,https://www.premiumtimesng.com/post_tag-sitemap75.xml,2026-06-23T18:13:51+00:00
premium_times,https://www.premiumtimesng.com/post_tag-sitemap76.xml,2026-06-23T13:47:38+00:00
premium_times,https://www.premiumtimesng.com/post_tag-sitemap77.xml,2026-06-23T18:13:51+00:00
premium_times,https://www.premiumtimesng.com/post_tag-sitemap78.xml,2026-06-23T11:55:31+00:00
premium_times,https://www.premiumtimesng.com/post_tag-sitemap79.xml,2026-06-23T18:07:37+00:00
premium_times,https://www.premiumtimesng.com/post_tag-sitemap80.xml,2026-06-23T13:20:06+00:00
premium_times,https://www.premiumtimesng.com/post_tag-sitemap81.xml,2026-06-21T18:52:04+00:00
premium_times,https://www.premiumtimesng.com/post_tag-sitemap82.xml,2026-06-22T14:47:52+00:00
premium_times,https://www.premiumtimesng.com/post_tag-sitemap83.xml,2026-06-23T05:58:14+00:00
premium_times,https://www.premiumtimesng.com/post_tag-sitemap84.xml,2026-06-23T11:23:28+00:00
premium_times,https://www.premiumtimesng.com/post_tag-sitemap85.xml,2026-06-23T19:49:52+00:00
premium_times,https://www.premiumtimesng.com/post_tag-sitemap86.xml,2026-06-23T16:02:24+00:00
premium_times,https://www.premiumtimesng.com/post_tag-sitemap87.xml,2026-06-23T07:08:44+00:00
premium_times,https://www.premiumtimesng.com/post_tag-sitemap88.xml,2026-06-23T15:57:15+00:00
premium_times,https://www.premiumtimesng.com/post_tag-sitemap89.xml,2026-06-23T14:41:57+00:00
premium_times,https://www.premiumtimesng.com/post_tag-sitemap90.xml,2026-06-23T17:38:31+00:00
premium_times,https://www.premiumtimesng.com/post_tag-sitemap91.xml,2026-06-23T21:13:59+00:00
premium_times,https://www.premiumtimesng.com/post_tag-sitemap92.xml,2026-06-22T12:28:55+00:00
premium_times,https://www.premiumtimesng.com/post_tag-sitemap93.xml,2026-06-23T18:03:03+00:00
premium_times,https://www.premiumtimesng.com/post_tag-sitemap94.xml,2026-06-23T11:23:28+00:00
premium_times,https://www.premiumtimesng.com/post_tag-sitemap95.xml,2026-06-23T16:01:37+00:00
premium_times,https://www.premiumtimesng.com/post_tag-sitemap96.xml,2026-06-23T10:54:44+00:00
premium_times,https://www.premiumtimesng.com/post_tag-sitemap97.xml,2026-06-23T12:51:19+00:00
premium_times,https://www.premiumtimesng.com/post_tag-sitemap98.xml,2026-06-23T06:41:16+00:00
premium_times,https://www.premiumtimesng.com/post_tag-sitemap99.xml,2026-06-21T05:13:07+00:00
premium_times,https://www.premiumtimesng.com/post_tag-sitemap100.xml,2026-06-23T21:13:59+00:00
premium_times,https://www.premiumtimesng.com/post_tag-sitemap101.xml,2026-06-23T05:58:14+00:00
premium_times,https://www.premiumtimesng.com/post_tag-sitemap102.xml,2026-06-23T07:50:13+00:00
premium_times,https://www.premiumtimesng.com/post_tag-sitemap103.xml,2026-06-21T09:41:04+00:00
premium_times,https://www.premiumtimesng.com/post_tag-sitemap104.xml,2026-06-23T16:28:07+00:00
premium_times,https://www.premiumtimesng.com/post_tag-sitemap105.xml,2026-06-23T13:57:43+00:00
premium_times,https://www.premiumtimesng.com/post_tag-sitemap106.xml,2026-06-23T13:57:43+00:00
premium_times,https://www.premiumtimesng.com/post_tag-sitemap107.xml,2026-06-23T09:10:45+00:00
premium_times,https://www.premiumtimesng.com/post_tag-sitemap108.xml,2026-06-23T13:20:06+00:00
premium_times,https://www.premiumtimesng.com/post_tag-sitemap109.xml,2026-06-23T10:55:55+00:00
premium_times,https://www.premiumtimesng.com/post_tag-sitemap110.xml,2026-06-23T08:47:38+00:00
premium_times,https://www.premiumtimesng.com/post_tag-sitemap111.xml,2026-06-23T18:33:51+00:00
premium_times,https://www.premiumtimesng.com/post_tag-sitemap112.xml,2026-06-23T19:49:52+00:00
premium_times,https://www.premiumtimesng.com/post_tag-sitemap113.xml,2026-06-22T16:52:57+00:00
premium_times,https://www.premiumtimesng.com/post_tag-sitemap114.xml,2026-06-20T09:48:15+00:00
premium_times,https://www.premiumtimesng.com/post_tag-sitemap115.xml,2026-06-21T05:13:07+00:00
premium_times,https://www.premiumtimesng.com/post_tag-sitemap116.xml,2026-06-23T07:29:47+00:00
premium_times,https://www.premiumtimesng.com/post_tag-sitemap117.xml,2026-06-22T16:18:02+00:00
premium_times,https://www.premiumtimesng.com/post_tag-sitemap118.xml,2026-06-21T12:54:36+00:00
premium_times,https://www.premiumtimesng.com/post_tag-sitemap119.xml,2026-06-23T15:57:15+00:00
premium_times,https://www.premiumtimesng.com/post_tag-sitemap120.xml,2026-06-23T09:54:37+00:00
premium_times,https://www.premiumtimesng.com/post_tag-sitemap121.xml,2026-06-21T20:09:09+00:00
premium_times,https://www.premiumtimesng.com/post_tag-sitemap122.xml,2026-06-23T21:13:59+00:00
premium_times,https://www.premiumtimesng.com/post_tag-sitemap123.xml,2026-06-23T16:00:02+00:00
premium_times,https://www.premiumtimesng.com/post_tag-sitemap124.xml,2026-06-23T17:35:49+00:00
premium_times,https://www.premiumtimesng.com/post_tag-sitemap125.xml,2026-06-23T21:00:01+00:00
premium_times,https://www.premiumtimesng.com/post_tag-sitemap126.xml,2026-06-23T09:54:37+00:00
premium_times,https://www.premiumtimesng.com/post_tag-sitemap127.xml,2026-06-23T04:28:30+00:00
premium_times,https://www.premiumtimesng.com/post_tag-sitemap128.xml,2026-06-23T16:28:07+00:00
premium_times,https://www.premiumtimesng.com/post_tag-sitemap129.xml,2026-06-23T07:42:24+00:00
premium_times,https://www.premiumtimesng.com/post_tag-sitemap130.xml,2026-06-23T07:42:24+00:00
premium_times,https://www.premiumtimesng.com/post_tag-sitemap131.xml,2026-06-23T16:00:02+00:00
premium_times,https://www.premiumtimesng.com/post_tag-sitemap132.xml,2026-06-23T11:02:31+00:00
premium_times,https://www.premiumtimesng.com/post_tag-sitemap133.xml,2026-06-22T15:10:08+00:00
premium_times,https://www.premiumtimesng.com/post_tag-sitemap134.xml,2026-06-23T15:45:37+00:00
premium_times,https://www.premiumtimesng.com/post_tag-sitemap135.xml,2026-06-20T10:29:27+00:00
premium_times,https://www.premiumtimesng.com/post_tag-sitemap136.xml,2026-06-23T19:41:36+00:00
premium_times,https://www.premiumtimesng.com/post_tag-sitemap137.xml,2026-06-23T13:03:27+00:00
premium_times,https://www.premiumtimesng.com/post_tag-sitemap138.xml,2026-06-22T16:30:41+00:00
premium_times,https://www.premiumtimesng.com/post_tag-sitemap139.xml,2026-06-23T10:55:55+00:00
premium_times,https://www.premiumtimesng.com/post_tag-sitemap140.xml,2026-06-23T07:42:24+00:00
premium_times,https://www.premiumtimesng.com/post_tag-sitemap141.xml,2026-06-23T13:47:38+00:00
premium_times,https://www.premiumtimesng.com/post_tag-sitemap142.xml,2026-06-23T17:35:49+00:00
premium_times,https://www.premiumtimesng.com/post_tag-sitemap143.xml,2026-06-22T18:34:35+00:00
premium_times,https://www.premiumtimesng.com/post_tag-sitemap144.xml,2026-06-23T13:47:38+00:00
premium_times,https://www.premiumtimesng.com/post_tag-sitemap145.xml,2026-06-23T07:29:47+00:00
premium_times,https://www.premiumtimesng.com/post_tag-sitemap146.xml,2026-06-22T13:09:53+00:00
premium_times,https://www.premiumtimesng.com/post_tag-sitemap147.xml,2026-06-19T12:26:13+00:00
premium_times,https://www.premiumtimesng.com/post_tag-sitemap148.xml,2026-06-23T19:37:16+00:00
premium_times,https://www.premiumtimesng.com/post_tag-sitemap149.xml,2026-06-23T18:03:03+00:00
premium_times,https://www.premiumtimesng.com/post_tag-sitemap150.xml,2026-06-23T10:45:57+00:00
premium_times,https://www.premiumtimesng.com/post_tag-sitemap151.xml,2026-06-23T09:09:21+00:00
premium_times,https://www.premiumtimesng.com/post_tag-sitemap152.xml,2026-06-23T15:45:37+00:00
premium_times,https://www.premiumtimesng.com/post_tag-sitemap153.xml,2026-06-23T16:01:37+00:00
premium_times,https://www.premiumtimesng.com/post_tag-sitemap154.xml,2026-06-23T06:26:28+00:00
premium_times,https://www.premiumtimesng.com/post_tag-sitemap155.xml,2026-06-19T20:09:38+00:00
premium_times,https://www.premiumtimesng.com/post_tag-sitemap156.xml,2026-06-23T19:37:16+00:00
premium_times,https://www.premiumtimesng.com/post_tag-sitemap157.xml,2026-06-23T19:37:16+00:00
premium_times,https://www.premiumtimesng.com/post_tag-sitemap158.xml,2026-06-23T06:26:28+00:00
premium_times,https://www.premiumtimesng.com/post_tag-sitemap159.xml,2026-06-23T13:47:38+00:00
premium_times,https://www.premiumtimesng.com/post_tag-sitemap160.xml,2026-06-22T16:52:57+00:00
premium_times,https://www.premiumtimesng.com/post_tag-sitemap161.xml,2026-06-23T17:38:31+00:00
premium_times,https://www.premiumtimesng.com/post_tag-sitemap162.xml,2026-06-23T10:45:57+00:00
premium_times,https://www.premiumtimesng.com/post_tag-sitemap163.xml,2026-06-23T16:28:07+00:00
premium_times,https://www.premiumtimesng.com/post_tag-sitemap164.xml,2026-06-23T19:41:36+00:00
premium_times,https://www.premiumtimesng.com/post_tag-sitemap165.xml,2026-06-20T01:40:37+00:00
premium_times,https://www.premiumtimesng.com/post_tag-sitemap166.xml,2026-06-19T20:48:30+00:00
premium_times,https://www.premiumtimesng.com/post_tag-sitemap167.xml,2026-06-22T18:10:26+00:00
premium_times,https://www.premiumtimesng.com/post_tag-sitemap168.xml,2026-06-21T19:04:22+00:00
premium_times,https://www.premiumtimesng.com/post_tag-sitemap169.xml,2026-06-21T03:47:03+00:00
premium_times,https://www.premiumtimesng.com/post_tag-sitemap170.xml,2026-06-23T19:37:16+00:00
premium_times,https://www.premiumtimesng.com/post_tag-sitemap171.xml,2026-06-23T18:41:21+00:00
premium_times,https://www.premiumtimesng.com/post_tag-sitemap172.xml,2026-06-23T10:32:27+00:00
premium_times,https://www.premiumtimesng.com/post_tag-sitemap173.xml,2026-06-23T19:49:52+00:00
premium_times,https://www.premiumtimesng.com/post_tag-sitemap174.xml,2026-06-23T07:08:44+00:00
premium_times,https://www.premiumtimesng.com/post_tag-sitemap175.xml,2026-06-23T10:54:44+00:00
premium_times,https://www.premiumtimesng.com/post_tag-sitemap176.xml,2026-06-23T14:41:57+00:00
premium_times,https://www.premiumtimesng.com/post_tag-sitemap177.xml,2026-06-23T17:38:31+00:00
premium_times,https://www.premiumtimesng.com/post_tag-sitemap178.xml,2026-06-23T13:03:27+00:00
premium_times,https://www.premiumtimesng.com/post_tag-sitemap179.xml,2026-06-23T13:03:27+00:00
premium_times,https://www.premiumtimesng.com/post_tag-sitemap180.xml,2026-06-22T19:44:38+00:00
premium_times,https://www.premiumtimesng.com/post_tag-sitemap181.xml,2026-06-23T10:31:41+00:00
premium_times,https://www.premiumtimesng.com/post_tag-sitemap182.xml,2026-06-23T09:10:45+00:00
premium_times,https://www.premiumtimesng.com/post_tag-sitemap183.xml,2026-06-23T11:55:31+00:00
premium_times,https://www.premiumtimesng.com/post_tag-sitemap184.xml,2026-06-22T21:12:36+00:00
premium_times,https://www.premiumtimesng.com/post_tag-sitemap185.xml,2026-06-23T16:02:24+00:00
premium_times,https://www.premiumtimesng.com/post_tag-sitemap186.xml,2026-06-23T19:41:55+00:00
premium_times,https://www.premiumtimesng.com/post_tag-sitemap187.xml,2026-06-23T12:51:19+00:00
premium_times,https://www.premiumtimesng.com/post_tag-sitemap188.xml,2026-06-22T20:39:12+00:00
premium_times,https://www.premiumtimesng.com/post_tag-sitemap189.xml,2026-06-23T11:55:31+00:00
premium_times,https://www.premiumtimesng.com/post_tag-sitemap190.xml,2026-06-20T11:41:52+00:00
premium_times,https://www.premiumtimesng.com/post_tag-sitemap191.xml,2026-06-23T16:11:39+00:00
premium_times,https://www.premiumtimesng.com/post_tag-sitemap192.xml,2026-06-22T21:06:53+00:00
premium_times,https://www.premiumtimesng.com/post_tag-sitemap193.xml,2026-06-20T07:28:53+00:00
premium_times,https://www.premiumtimesng.com/post_tag-sitemap194.xml,2026-06-23T21:13:59+00:00
premium_times,https://www.premiumtimesng.com/post_tag-sitemap195.xml,2026-06-22T21:45:29+00:00
premium_times,https://www.premiumtimesng.com/post_tag-sitemap196.xml,2026-06-23T17:35:49+00:00
premium_times,https://www.premiumtimesng.com/post_tag-sitemap197.xml,2026-06-19T11:28:03+00:00
premium_times,https://www.premiumtimesng.com/post_tag-sitemap198.xml,2026-06-23T18:07:37+00:00
premium_times,https://www.premiumtimesng.com/post_tag-sitemap199.xml,2026-06-23T09:54:37+00:00
premium_times,https://www.premiumtimesng.com/post_tag-sitemap200.xml,2026-06-23T06:41:16+00:00
premium_times,https://www.premiumtimesng.com/post_tag-sitemap201.xml,2026-06-22T17:43:56+00:00
premium_times,https://www.premiumtimesng.com/post_tag-sitemap202.xml,2026-06-22T04:09:05+00:00
premium_times,https://www.premiumtimesng.com/post_tag-sitemap203.xml,2026-06-22T14:47:52+00:00
premium_times,https://www.premiumtimesng.com/post_tag-sitemap204.xml,2026-06-23T21:13:59+00:00
premium_times,https://www.premiumtimesng.com/post_tag-sitemap205.xml,2026-06-23T17:35:49+00:00
premium_times,https://www.premiumtimesng.com/post_tag-sitemap206.xml,2026-06-23T14:13:06+00:00
premium_times,https://www.premiumtimesng.com/post_tag-sitemap207.xml,2026-06-23T17:28:04+00:00
premium_times,https://www.premiumtimesng.com/post_tag-sitemap208.xml,2026-06-22T03:29:04+00:00
premium_times,https://www.premiumtimesng.com/post_tag-sitemap209.xml,2026-06-23T18:03:03+00:00
premium_times,https://www.premiumtimesng.com/post_tag-sitemap210.xml,2026-06-23T09:10:45+00:00
premium_times,https://www.premiumtimesng.com/post_tag-sitemap211.xml,2026-06-20T11:03:25+00:00
premium_times,https://www.premiumtimesng.com/post_tag-sitemap212.xml,2026-06-22T14:47:52+00:00
premium_times,https://www.premiumtimesng.com/post_tag-sitemap213.xml,2026-06-23T18:41:21+00:00
premium_times,https://www.premiumtimesng.com/post_tag-sitemap214.xml,2026-06-23T18:41:21+00:00
premium_times,https://www.premiumtimesng.com/post_tag-sitemap215.xml,2026-06-23T11:08:15+00:00
premium_times,https://www.premiumtimesng.com/post_tag-sitemap216.xml,2026-06-23T13:03:27+00:00
premium_times,https://www.premiumtimesng.com/post_tag-sitemap217.xml,2026-06-22T12:15:49+00:00
premium_times,https://www.premiumtimesng.com/post_tag-sitemap218.xml,2026-06-23T18:41:21+00:00
premium_times,https://www.premiumtimesng.com/post_tag-sitemap219.xml,2026-06-23T16:01:37+00:00
premium_times,https://www.premiumtimesng.com/post_tag-sitemap220.xml,2026-06-23T10:03:00+00:00
premium_times,https://www.premiumtimesng.com/post_tag-sitemap221.xml,2026-06-22T21:45:29+00:00
premium_times,https://www.premiumtimesng.com/post_tag-sitemap222.xml,2026-06-23T18:03:03+00:00
premium_times,https://www.premiumtimesng.com/post_tag-sitemap223.xml,2026-06-23T08:43:18+00:00
premium_times,https://www.premiumtimesng.com/post_tag-sitemap224.xml,2026-06-21T23:08:27+00:00
premium_times,https://www.premiumtimesng.com/post_tag-sitemap225.xml,2026-06-23T09:10:45+00:00
premium_times,https://www.premiumtimesng.com/post_tag-sitemap226.xml,2026-06-22T18:59:55+00:00
premium_times,https://www.premiumtimesng.com/post_tag-sitemap227.xml,2026-06-23T10:32:27+00:00
premium_times,https://www.premiumtimesng.com/post_tag-sitemap228.xml,2026-06-23T19:37:16+00:00
premium_times,https://www.premiumtimesng.com/post_tag-sitemap229.xml,2026-06-23T15:45:37+00:00
premium_times,https://www.premiumtimesng.com/post_tag-sitemap230.xml,2026-06-23T19:37:16+00:00
premium_times,https://www.premiumtimesng.com/post_tag-sitemap231.xml,2026-06-23T07:29:47+00:00
premium_times,https://www.premiumtimesng.com/post_tag-sitemap232.xml,2026-06-23T18:33:51+00:00
premium_times,https://www.premiumtimesng.com/post_tag-sitemap233.xml,2026-06-22T22:35:49+00:00
premium_times,https://www.premiumtimesng.com/post_tag-sitemap234.xml,2026-06-23T15:57:15+00:00
premium_times,https://www.premiumtimesng.com/post_tag-sitemap235.xml,2026-06-23T10:54:44+00:00
premium_times,https://www.premiumtimesng.com/post_tag-sitemap236.xml,2026-06-22T11:44:40+00:00
premium_times,https://www.premiumtimesng.com/post_tag-sitemap237.xml,2026-06-23T07:10:12+00:00
premium_times,https://www.premiumtimesng.com/post_tag-sitemap238.xml,2026-06-22T16:52:57+00:00
premium_times,https://www.premiumtimesng.com/post_tag-sitemap239.xml,2026-06-23T19:37:16+00:00
premium_times,https://www.premiumtimesng.com/post_tag-sitemap240.xml,2026-06-22T12:28:55+00:00
premium_times,https://www.premiumtimesng.com/post_tag-sitemap241.xml,2026-06-23T19:49:52+00:00
premium_times,https://www.premiumtimesng.com/post_tag-sitemap242.xml,2026-06-21T09:41:04+00:00
premium_times,https://www.premiumtimesng.com/post_tag-sitemap243.xml,2026-06-23T18:33:51+00:00
premium_times,https://www.premiumtimesng.com/post_tag-sitemap244.xml,2026-06-21T06:44:00+00:00
premium_times,https://www.premiumtimesng.com/post_tag-sitemap245.xml,2026-06-23T18:13:51+00:00
premium_times,https://www.premiumtimesng.com/post_tag-sitemap246.xml,2026-06-23T07:50:13+00:00
premium_times,https://www.premiumtimesng.com/post_tag-sitemap247.xml,2026-06-23T19:41:36+00:00
premium_times,https://www.premiumtimesng.com/post_tag-sitemap248.xml,2026-06-23T19:37:16+00:00
premium_times,https://www.premiumtimesng.com/post_tag-sitemap249.xml,2026-06-21T17:13:42+00:00
premium_times,https://www.premiumtimesng.com/post_tag-sitemap250.xml,2026-06-23T16:00:02+00:00
premium_times,https://www.premiumtimesng.com/post_tag-sitemap251.xml,2026-06-19T15:46:41+00:00
premium_times,https://www.premiumtimesng.com/post_tag-sitemap252.xml,2026-06-23T18:03:03+00:00
premium_times,https://www.premiumtimesng.com/post_tag-sitemap253.xml,2026-06-23T17:38:31+00:00
premium_times,https://www.premiumtimesng.com/post_tag-sitemap254.xml,2026-06-22T22:35:49+00:00
premium_times,https://www.premiumtimesng.com/post_tag-sitemap255.xml,2026-06-23T06:26:28+00:00
premium_times,https://www.premiumtimesng.com/post_tag-sitemap256.xml,2026-06-23T16:11:39+00:00
premium_times,https://www.premiumtimesng.com/post_tag-sitemap257.xml,2026-06-23T14:13:06+00:00
premium_times,https://www.premiumtimesng.com/post_tag-sitemap258.xml,2026-06-22T19:44:38+00:00
premium_times,https://www.premiumtimesng.com/post_tag-sitemap259.xml,2026-06-23T18:07:37+00:00
premium_times,https://www.premiumtimesng.com/post_tag-sitemap260.xml,2026-06-23T16:01:37+00:00
premium_times,https://www.premiumtimesng.com/post_tag-sitemap261.xml,2026-06-23T10:29:31+00:00
premium_times,https://www.premiumtimesng.com/post_tag-sitemap262.xml,2026-06-23T18:03:03+00:00
premium_times,https://www.premiumtimesng.com/post_tag-sitemap263.xml,2026-06-23T19:37:16+00:00
premium_times,https://www.premiumtimesng.com/post_tag-sitemap264.xml,2026-06-23T14:41:57+00:00
premium_times,https://www.premiumtimesng.com/post_tag-sitemap265.xml,2026-06-21T23:08:27+00:00
premium_times,https://www.premiumtimesng.com/post_tag-sitemap266.xml,2026-06-23T10:54:44+00:00
premium_times,https://www.premiumtimesng.com/post_tag-sitemap267.xml,2026-06-23T18:13:51+00:00
premium_times,https://www.premiumtimesng.com/post_tag-sitemap268.xml,2026-06-23T18:13:51+00:00
premium_times,https://www.premiumtimesng.com/post_tag-sitemap269.xml,2026-06-23T14:13:06+00:00
premium_times,https://www.premiumtimesng.com/post_tag-sitemap270.xml,2026-06-22T15:01:12+00:00
premium_times,https://www.premiumtimesng.com/post_tag-sitemap271.xml,2026-06-23T15:57:15+00:00
premium_times,https://www.premiumtimesng.com/post_tag-sitemap272.xml,2026-06-23T16:01:37+00:00
premium_times,https://www.premiumtimesng.com/post_tag-sitemap273.xml,2026-06-23T18:33:51+00:00
premium_times,https://www.premiumtimesng.com/post_tag-sitemap274.xml,2026-06-09T21:36:10+00:00
premium_times,https://www.premiumtimesng.com/ecstore-1-sitemap.xml,2026-06-24T01:43:36+00:00
premium_times,https://www.premiumtimesng.com/news-sitemap.xml,2026-06-23T23:38:43+00:00
