date,source,document_type,title,url
2008-01-03,Debt Management Office Nigeria,fgn_bond_auction_result,Summary of Auction Result for January 2008,https://www.dmo.gov.ng/fgn-bonds/bonds-auction-results/422-summary-of-auction-result-for-january-2008/file
2008-02-18,Debt Management Office Nigeria,fgn_bond_auction_result,Summary of Auction Result for February 2008,https://www.dmo.gov.ng/fgn-bonds/bonds-auction-results/420-summary-of-auction-result-for-february-2008/file
2008-03-12,Debt Management Office Nigeria,fgn_bond_auction_result,Summary of Auction Result for March 2008,https://www.dmo.gov.ng/fgn-bonds/bonds-auction-results/424-summary-of-auction-result-for-march-2008/file
2008-04-15,Debt Management Office Nigeria,fgn_bond_auction_result,Summary of Auction Result for April 2008,https://www.dmo.gov.ng/fgn-bonds/bonds-auction-results/417-summary-of-auction-result-for-april-2008/file
2008-05-05,Debt Management Office Nigeria,fgn_bond_auction_result,Summary of Auction Result for May 2008,https://www.dmo.gov.ng/fgn-bonds/bonds-auction-results/426-summary-of-auction-result-for-may-2008/file
2008-06-03,Debt Management Office Nigeria,fgn_bond_auction_result,Summary of Auction Results for June 2008,https://www.dmo.gov.ng/fgn-bonds/bonds-auction-results/434-summary-of-auction-results-for-june-2008/file
2008-07-15,Debt Management Office Nigeria,fgn_bond_auction_result,Summary of Auction Results for July 2008,https://www.dmo.gov.ng/fgn-bonds/bonds-auction-results/433-summary-of-auction-results-for-july-2008/file
2008-08-12,Debt Management Office Nigeria,fgn_bond_auction_result,Summary of Auction Result for August 2008,https://www.dmo.gov.ng/fgn-bonds/bonds-auction-results/419-summary-of-auction-result-for-august-2008/file
2008-09-08,Debt Management Office Nigeria,fgn_bond_auction_result,Summary of Auction Result for September 2008,https://www.dmo.gov.ng/fgn-bonds/bonds-auction-results/432-summary-of-auction-result-for-september-2008/file
2008-10-02,Debt Management Office Nigeria,fgn_bond_auction_result,Summary of Auction Result for October 2008,https://www.dmo.gov.ng/fgn-bonds/bonds-auction-results/429-summary-of-auction-result-for-october-2008/file
2008-11-13,Debt Management Office Nigeria,fgn_bond_auction_result,Summary of Auction Result for November 2008,https://www.dmo.gov.ng/fgn-bonds/bonds-auction-results/427-summary-of-auction-result-for-november-2008/file
2009-01-21,Debt Management Office Nigeria,fgn_bond_auction_result,Summary of Auction Result for January 2009,https://www.dmo.gov.ng/fgn-bonds/bonds-auction-results/423-summary-of-auction-result-for-january-2009/file
2009-02-11,Debt Management Office Nigeria,fgn_bond_auction_result,Summary of Auction Result for February 2009,https://www.dmo.gov.ng/fgn-bonds/bonds-auction-results/421-summary-of-auction-result-for-february-2009/file
2009-03-04,Debt Management Office Nigeria,fgn_bond_auction_result,Summary of Auction Result for March 2009,https://www.dmo.gov.ng/fgn-bonds/bonds-auction-results/425-summary-of-auction-result-for-march-2009/file
2009-04-14,Debt Management Office Nigeria,fgn_bond_auction_result,Summary of Auction Result for April 2009,https://www.dmo.gov.ng/fgn-bonds/bonds-auction-results/418-summary-of-auction-result-for-april-2009/file
2009-06-22,Debt Management Office Nigeria,fgn_bond_auction_result,Auction Result June 2009,https://www.dmo.gov.ng/fgn-bonds/bonds-auction-results/416-auction-result-june-2009/file
2009-07-07,Debt Management Office Nigeria,fgn_bond_auction_result,Summary of July 2009 FGN Bonds Auction (1),https://www.dmo.gov.ng/fgn-bonds/bonds-auction-results/436-summary-of-july-2009-fgn-bonds-auction-1/file
2009-07-28,Debt Management Office Nigeria,fgn_bond_auction_result,Summary of July 2009 FGN Bonds Auction,https://www.dmo.gov.ng/fgn-bonds/bonds-auction-results/437-summary-of-july-2009-fgn-bonds-auction/file
2009-08-05,Debt Management Office Nigeria,fgn_bond_auction_result,Summary of August 2009 FGN Bonds Auction,https://www.dmo.gov.ng/fgn-bonds/bonds-auction-results/435-summary-of-august-2009-fgn-bonds-auction/file
2009-09-02,Debt Management Office Nigeria,fgn_bond_auction_result,Summary of Auction Result for September 09,https://www.dmo.gov.ng/fgn-bonds/bonds-auction-results/431-summary-of-auction-result-for-september-09/file
2009-10-02,Debt Management Office Nigeria,fgn_bond_auction_result,Summary of Auction Result for October 2009,https://www.dmo.gov.ng/fgn-bonds/bonds-auction-results/430-summary-of-auction-result-for-october-2009/file
2009-11-12,Debt Management Office Nigeria,fgn_bond_auction_result,Summary of Auction Result for November 2009,https://www.dmo.gov.ng/fgn-bonds/bonds-auction-results/428-summary-of-auction-result-for-november-2009/file
2010-01-12,Debt Management Office Nigeria,fgn_bond_auction_result,Summary of January 2010 FGN Bonds Auction,https://www.dmo.gov.ng/fgn-bonds/bonds-auction-results/398-summary-of-january-2010-fgn-bonds-auction/file
2010-02-09,Debt Management Office Nigeria,fgn_bond_auction_result,Summary of February 2010 FGN Bonds Auction,https://www.dmo.gov.ng/fgn-bonds/bonds-auction-results/397-summary-of-february-2010-fgn-bonds-auction/file
2010-03-16,Debt Management Office Nigeria,fgn_bond_auction_result,Summary of March 2010 FGN Bonds Auction,https://www.dmo.gov.ng/fgn-bonds/bonds-auction-results/401-summary-of-march-2010-fgn-bonds-auction-1/file
2010-04-11,Debt Management Office Nigeria,fgn_bond_auction_result,Summary of April 2010 FGN Bonds Auction,https://www.dmo.gov.ng/fgn-bonds/bonds-auction-results/394-summary-of-april-2010-fgn-bonds-auction/file
2010-06-16,Debt Management Office Nigeria,fgn_bond_auction_result,Summary of Auction Result for June 2010 (1),https://www.dmo.gov.ng/fgn-bonds/bonds-auction-results/410-summary-of-auction-result-for-june-2010-1/file
2010-07-14,Debt Management Office Nigeria,fgn_bond_auction_result,Summary of July 2010 FGN Bonds Auction,https://www.dmo.gov.ng/fgn-bonds/bonds-auction-results/415-summary-of-july-2010-fgn-bonds-auction/file
2010-08-16,Debt Management Office Nigeria,fgn_bond_auction_result,Summary of August 2010 FGN Bonds Auction,https://www.dmo.gov.ng/fgn-bonds/bonds-auction-results/396-summary-of-august-2010-fgn-bonds-auction/file
2010-09-14,Debt Management Office Nigeria,fgn_bond_auction_result,Summary of September 2010 FGN Bonds Auction,https://www.dmo.gov.ng/fgn-bonds/bonds-auction-results/403-summary-of-september-2010-fgn-bonds-auction/file
2010-10-14,Debt Management Office Nigeria,fgn_bond_auction_result,Summary of October 2010 FGN Bonds Auction,https://www.dmo.gov.ng/fgn-bonds/bonds-auction-results/402-summary-of-october-2010-fgn-bonds-auction/file
2010-11-23,Debt Management Office Nigeria,fgn_bond_auction_result,Summary of Auction Result for November 2010,https://www.dmo.gov.ng/fgn-bonds/bonds-auction-results/413-summary-of-auction-result-for-november-2010/file
2010-12-07,Debt Management Office Nigeria,fgn_bond_auction_result,Summary of Auction Result for December 2010,https://www.dmo.gov.ng/fgn-bonds/bonds-auction-results/407-summary-of-auction-result-for-december-2010/file
2010-12-13,Debt Management Office Nigeria,fgn_bond_auction_result,Summary of Auction Result for December 2010,https://www.dmo.gov.ng/fgn-bonds/bonds-auction-results/411-summary-of-auction-result-for-december-2010-1/file
2011-01-09,Debt Management Office Nigeria,fgn_bond_auction_result,Summary of Auction Result for January 2011,https://www.dmo.gov.ng/fgn-bonds/bonds-auction-results/395-summary-of-auction-result-for-january-2011/file
2011-02-17,Debt Management Office Nigeria,fgn_bond_auction_result,Summary of Auction Result for February 2011,https://www.dmo.gov.ng/fgn-bonds/bonds-auction-results/408-summary-of-auction-result-for-february-2011/file
2011-03-01,Debt Management Office Nigeria,fgn_bond_auction_result,Summary of Auction Result for March 2011,https://www.dmo.gov.ng/fgn-bonds/bonds-auction-results/412-summary-of-auction-result-for-march-2011/file
2011-04-13,Debt Management Office Nigeria,fgn_bond_auction_result,Summary of Auction Result for April 2011,https://www.dmo.gov.ng/fgn-bonds/bonds-auction-results/405-summary-of-auction-result-for-april-2011/file
2011-05-29,Debt Management Office Nigeria,fgn_bond_auction_result,May 2011 Auction Summary Result,https://www.dmo.gov.ng/fgn-bonds/bonds-auction-results/393-may-2011-auction-summary-result/file
2011-06-15,Debt Management Office Nigeria,fgn_bond_auction_result,Summary of June 2011 FGN Bonds Auction,https://www.dmo.gov.ng/fgn-bonds/bonds-auction-results/399-summary-of-june-2011-fgn-bonds-auction/file
2011-07-18,Debt Management Office Nigeria,fgn_bond_auction_result,July 2011 FGN Bond Auction Result,https://www.dmo.gov.ng/fgn-bonds/bonds-auction-results/392-july-2011-fgn-bond-auction-result/file
2011-08-23,Debt Management Office Nigeria,fgn_bond_auction_result,Summary of Auction Result for August 2011[1],https://www.dmo.gov.ng/fgn-bonds/bonds-auction-results/406-summary-of-auction-result-for-august-2011-1/file
2011-09-19,Debt Management Office Nigeria,fgn_bond_auction_result,Summary of Auction Result for September 2011[1],https://www.dmo.gov.ng/fgn-bonds/bonds-auction-results/414-summary-of-auction-result-for-september-2011-1-1/file
2011-10-17,Debt Management Office Nigeria,fgn_bond_auction_result,Summary of Auction Result for October 2011[1],https://www.dmo.gov.ng/fgn-bonds/bonds-auction-results/387-summary-of-auction-result-for-october-2011-1/file
2011-11-15,Debt Management Office Nigeria,fgn_bond_auction_result,Summary of Auction Result for November 2011,https://www.dmo.gov.ng/fgn-bonds/bonds-auction-results/386-summary-of-auction-result-for-november-2011/file
2011-12-31,Debt Management Office Nigeria,fgn_bond_auction_result,Summary of Auction Result for December 2011,https://www.dmo.gov.ng/fgn-bonds/bonds-auction-results/1146-summary-of-auction-result-for-december-2011/file
2012-01-31,Debt Management Office Nigeria,fgn_bond_auction_result,Summary of Auction Result for January 2012,https://www.dmo.gov.ng/fgn-bonds/bonds-auction-results/1145-summary-of-auction-result-for-january-2012/file
2012-02-06,Debt Management Office Nigeria,fgn_bond_auction_result,Summary of Auction Result for February 2012[1],https://www.dmo.gov.ng/fgn-bonds/bonds-auction-results/383-summary-of-auction-result-for-february-2012-1/file
2012-03-10,Debt Management Office Nigeria,fgn_bond_auction_result,Summary of Auction Result for March 2012,https://www.dmo.gov.ng/fgn-bonds/bonds-auction-results/385-summary-of-auction-result-for-march-2012/file
2012-04-09,Debt Management Office Nigeria,fgn_bond_auction_result,Summary of FGN Bonds Auction Result for April 2012,https://www.dmo.gov.ng/fgn-bonds/bonds-auction-results/391-summary-of-fgn-bonds-auction-result-for-april-2012/file
2012-05-14,Debt Management Office Nigeria,fgn_bond_auction_result,Summary Auction Result May 2012,https://www.dmo.gov.ng/fgn-bonds/bonds-auction-results/382-summary-auction-result-may-2012/file
2012-06-13,Debt Management Office Nigeria,fgn_bond_auction_result,SUMMARY AUCTION RESULT JUNE 2012,https://www.dmo.gov.ng/fgn-bonds/bonds-auction-results/381-summary-auction-result-june-2012/file
2012-07-17,Debt Management Office Nigeria,fgn_bond_auction_result,July 2012 Auction Result,https://www.dmo.gov.ng/fgn-bonds/bonds-auction-results/375-july-2012-auction-result/file
2012-08-21,Debt Management Office Nigeria,fgn_bond_auction_result,Summary of August 2012 FGN Bonds Auction,https://www.dmo.gov.ng/fgn-bonds/bonds-auction-results/390-summary-of-august-2012-fgn-bonds-auction/file
2012-09-16,Debt Management Office Nigeria,fgn_bond_auction_result,SUMMARY AUCTION RESULT SEPTEMBER 2012,https://www.dmo.gov.ng/fgn-bonds/bonds-auction-results/377-summary-auction-result-september-2012/file
2012-10-15,Debt Management Office Nigeria,fgn_bond_auction_result,October 2012 Summary of auctions Result,https://www.dmo.gov.ng/fgn-bonds/bonds-auction-results/376-october-2012-summary-of-auctions-result/file
2012-11-25,Debt Management Office Nigeria,fgn_bond_auction_result,"Summary ofFGN Bond auction result for November, 2012",https://www.dmo.gov.ng/fgn-bonds/bonds-auction-results/380-summary-offgn-bond-auction-result-for-november-2012/file
2012-12-31,Debt Management Office Nigeria,fgn_bond_auction_result,December 2012 Summary of auctions Result,https://www.dmo.gov.ng/fgn-bonds/bonds-auction-results/374-december-2012-summary-of-auctions-result/file
2013-01-06,Debt Management Office Nigeria,fgn_bond_auction_result,Summary of Auction Result for January 2013,https://www.dmo.gov.ng/fgn-bonds/bonds-auction-results/384-summary-of-auction-result-for-january-2013/file
2013-02-12,Debt Management Office Nigeria,fgn_bond_auction_result,Summary of Auction Results for February 2013,https://www.dmo.gov.ng/fgn-bonds/bonds-auction-results/378-summary-of-auction-results-for-february-2013/file
2013-03-11,Debt Management Office Nigeria,fgn_bond_auction_result,Summary of March 2013 FGN Bonds Auction,https://www.dmo.gov.ng/fgn-bonds/bonds-auction-results/379-summary-of-march-2013-fgn-bonds-auction/file
2013-04-23,Debt Management Office Nigeria,fgn_bond_auction_result,Summary of Auction Results for April 2013,https://www.dmo.gov.ng/fgn-bonds/bonds-auction-results/389-summary-of-auction-results-for-april-2013-1/file
2013-05-19,Debt Management Office Nigeria,fgn_bond_auction_result,Summary of May 2013 FGN Bonds Auction,https://www.dmo.gov.ng/fgn-bonds/bonds-auction-results/368-summary-of-may-2013-fgn-bonds-auction/file
2013-06-12,Debt Management Office Nigeria,fgn_bond_auction_result,Summary of June 2013 FGN Bonds Auction,https://www.dmo.gov.ng/fgn-bonds/bonds-auction-results/366-summary-of-june-2013-fgn-bonds-auction/file
2013-07-15,Debt Management Office Nigeria,fgn_bond_auction_result,Summary of Auction Results for July 2013,https://www.dmo.gov.ng/fgn-bonds/bonds-auction-results/359-summary-of-auction-results-for-july-2013/file
2013-08-14,Debt Management Office Nigeria,fgn_bond_auction_result,Summary of August 2013 FGN Bonds Auction,https://www.dmo.gov.ng/fgn-bonds/bonds-auction-results/363-summary-of-august-2013-fgn-bonds-auction/file
2013-09-16,Debt Management Office Nigeria,fgn_bond_auction_result,Summary of September 2013 FGN Bonds Auction,https://www.dmo.gov.ng/fgn-bonds/bonds-auction-results/372-summary-of-september-2013-fgn-bonds-auction/file
2013-10-31,Debt Management Office Nigeria,fgn_bond_auction_result,Summary of October 2013 FGN Bonds Auction,https://www.dmo.gov.ng/fgn-bonds/bonds-auction-results/1144-summary-of-october-2013-fgn-bonds-auction/file
2013-11-19,Debt Management Office Nigeria,fgn_bond_auction_result,Summary of November 2013 FGN Bonds Auction,https://www.dmo.gov.ng/fgn-bonds/bonds-auction-results/370-summary-of-november-2013-fgn-bonds-auction/file
2013-12-10,Debt Management Office Nigeria,fgn_bond_auction_result,Summary of Auction Results for December 2013,https://www.dmo.gov.ng/fgn-bonds/bonds-auction-results/358-summary-of-auction-results-for-december-2013/file
2014-01-06,Debt Management Office Nigeria,fgn_bond_auction_result,Summary of January 2014 FGN Bonds Auction,https://www.dmo.gov.ng/fgn-bonds/bonds-auction-results/365-summary-of-january-2014-fgn-bonds-auction/file
2014-02-03,Debt Management Office Nigeria,fgn_bond_auction_result,Summary of February 2014 FGN Bonds Auction,https://www.dmo.gov.ng/fgn-bonds/bonds-auction-results/364-summary-of-february-2014-fgn-bonds-auction/file
2014-03-17,Debt Management Office Nigeria,fgn_bond_auction_result,Summary of March 2014 FGN Bonds Auction,https://www.dmo.gov.ng/fgn-bonds/bonds-auction-results/367-summary-of-march-2014-fgn-bonds-auction/file
2014-04-07,Debt Management Office Nigeria,fgn_bond_auction_result,Summary of Auction Results for April 2014,https://www.dmo.gov.ng/fgn-bonds/bonds-auction-results/356-summary-of-auction-results-for-april-2014/file
2014-05-13,Debt Management Office Nigeria,fgn_bond_auction_result,Summary of May 2014 FGN Bonds Auction,https://www.dmo.gov.ng/fgn-bonds/bonds-auction-results/369-summary-of-may-2014-fgn-bonds-auction/file
2014-06-08,Debt Management Office Nigeria,fgn_bond_auction_result,Summary of Auction Results for June 2014,https://www.dmo.gov.ng/fgn-bonds/bonds-auction-results/361-summary-of-auction-results-for-june-2014/file
2014-07-21,Debt Management Office Nigeria,fgn_bond_auction_result,Summary of Auction Results for July 2014,https://www.dmo.gov.ng/fgn-bonds/bonds-auction-results/360-summary-of-auction-results-for-july-2014/file
2014-08-31,Debt Management Office Nigeria,fgn_bond_auction_result,Summary of Auction Results for August 2014,https://www.dmo.gov.ng/fgn-bonds/bonds-auction-results/1143-summary-of-auction-results-for-august-2014-1/file
2014-10-15,Debt Management Office Nigeria,fgn_bond_auction_result,Summary of Auction Results for October 2014,https://www.dmo.gov.ng/fgn-bonds/bonds-auction-results/362-summary-of-auction-results-for-october-2014/file
2014-11-18,Debt Management Office Nigeria,fgn_bond_auction_result,Summary of November 2014 Bonds Auction,https://www.dmo.gov.ng/fgn-bonds/bonds-auction-results/371-summary-of-november-2014-bonds-auction/file
2014-12-15,Debt Management Office Nigeria,fgn_bond_auction_result,Summary of December 2014 Bonds Auction,https://www.dmo.gov.ng/fgn-bonds/bonds-auction-results/353-summary-of-december-2014-bonds-auction/file
2015-01-13,Debt Management Office Nigeria,fgn_bond_auction_result,Summary of Auction Results for January 2015,https://www.dmo.gov.ng/fgn-bonds/bonds-auction-results/342-summary-of-auction-results-for-january-2015/file
2015-02-02,Debt Management Office Nigeria,fgn_bond_auction_result,Summary of Auction Results for February 2015,https://www.dmo.gov.ng/fgn-bonds/bonds-auction-results/341-summary-of-auction-results-for-february-2015/file
2015-03-03,Debt Management Office Nigeria,fgn_bond_auction_result,Summary of Auction Results for March 2015,https://www.dmo.gov.ng/fgn-bonds/bonds-auction-results/347-summary-of-auction-results-for-march-2015/file
2015-04-07,Debt Management Office Nigeria,fgn_bond_auction_result,Summary of Auction Results for April 2015,https://www.dmo.gov.ng/fgn-bonds/bonds-auction-results/337-summary-of-auction-results-for-april-2015/file
2015-05-11,Debt Management Office Nigeria,fgn_bond_auction_result,Summary of Auction Results for May 2015,https://www.dmo.gov.ng/fgn-bonds/bonds-auction-results/348-summary-of-auction-results-for-may-2015/file
2015-06-21,Debt Management Office Nigeria,fgn_bond_auction_result,Summary of Auction Results for June 2015,https://www.dmo.gov.ng/fgn-bonds/bonds-auction-results/345-summary-of-auction-results-for-june-2015/file
2015-07-27,Debt Management Office Nigeria,fgn_bond_auction_result,Summary of July 2015 FGN Bonds Auction,https://www.dmo.gov.ng/fgn-bonds/bonds-auction-results/355-summary-of-july-2015-fgn-bonds-auction/file
2015-08-17,Debt Management Office Nigeria,fgn_bond_auction_result,Summary of Auction Results for August 2015,https://www.dmo.gov.ng/fgn-bonds/bonds-auction-results/340-summary-of-auction-results-for-august-2015/file
2015-09-28,Debt Management Office Nigeria,fgn_bond_auction_result,Summary of Auction Results for September 2015,https://www.dmo.gov.ng/fgn-bonds/bonds-auction-results/352-summary-of-auction-results-for-september-2015/file
2015-10-20,Debt Management Office Nigeria,fgn_bond_auction_result,Summary of Auction Results for October 2015,https://www.dmo.gov.ng/fgn-bonds/bonds-auction-results/351-summary-of-auction-results-for-october-2015/file
2015-11-25,Debt Management Office Nigeria,fgn_bond_auction_result,Summary of Auction Results for November 2015,https://www.dmo.gov.ng/fgn-bonds/bonds-auction-results/350-summary-of-auction-results-for-november-2015/file
2015-12-31,Debt Management Office Nigeria,fgn_bond_auction_result,Summary of December 2015 FGN Bonds Auction,https://www.dmo.gov.ng/fgn-bonds/bonds-auction-results/1142-summary-of-december-2015-fgn-bonds-auction/file
2016-01-04,Debt Management Office Nigeria,fgn_bond_auction_result,Summary of Auction Results for January 2016,https://www.dmo.gov.ng/fgn-bonds/bonds-auction-results/344-summary-of-auction-results-for-january-2016/file
2016-02-08,Debt Management Office Nigeria,fgn_bond_auction_result,Summary of February 2016 FGN Bonds Auction,https://www.dmo.gov.ng/fgn-bonds/bonds-auction-results/354-summary-of-february-2016-fgn-bonds-auction/file
2016-03-16,Debt Management Office Nigeria,fgn_bond_auction_result,Summary of Auction Results for March 2016,https://www.dmo.gov.ng/fgn-bonds/bonds-auction-results/1919-summary-of-auction-results-for-march-2016/file
2016-04-12,Debt Management Office Nigeria,fgn_bond_auction_result,Summary of Auction Results for April 2016,https://www.dmo.gov.ng/fgn-bonds/bonds-auction-results/338-summary-of-auction-results-for-april-2016/file
2016-05-16,Debt Management Office Nigeria,fgn_bond_auction_result,Summary of Auction Results for May 2016,https://www.dmo.gov.ng/fgn-bonds/bonds-auction-results/349-summary-of-auction-results-for-may-2016/file
2016-06-13,Debt Management Office Nigeria,fgn_bond_auction_result,Summary of Auction Results for June 2016,https://www.dmo.gov.ng/fgn-bonds/bonds-auction-results/346-summary-of-auction-results-for-june-2016/file
2016-07-31,Debt Management Office Nigeria,fgn_bond_auction_result,Summary of July 2016 FGN Bonds Auction,https://www.dmo.gov.ng/fgn-bonds/bonds-auction-results/1141-summary-of-july-2016-fgn-bonds-auction/file
2016-08-31,Debt Management Office Nigeria,fgn_bond_auction_result,Summary of Auction Results for August 2016,https://www.dmo.gov.ng/fgn-bonds/bonds-auction-results/1009-summary-of-auction-results-for-august-2016/file
2016-09-14,Debt Management Office Nigeria,fgn_bond_auction_result,Summary of September 2016 FGN Bonds Auction,https://www.dmo.gov.ng/fgn-bonds/bonds-auction-results/1755-summary-of-september-2016-fgn-bonds-auction/file
2016-10-12,Debt Management Office Nigeria,fgn_bond_auction_result,Summary of October 2016 FGN Bonds Auction,https://www.dmo.gov.ng/fgn-bonds/bonds-auction-results/1801-summary-of-october-2016-fgn-bonds-auction/file
2016-11-16,Debt Management Office Nigeria,fgn_bond_auction_result,Summary of Auction Results for November 2016,https://www.dmo.gov.ng/fgn-bonds/bonds-auction-results/1837-summary-of-auction-results-for-november-2016/file
2016-12-14,Debt Management Office Nigeria,fgn_bond_auction_result,Summary of Auction Results for December 2016,https://www.dmo.gov.ng/fgn-bonds/bonds-auction-results/1869-summary-of-auction-results-for-december-2016/file
2017-01-18,Debt Management Office Nigeria,fgn_bond_auction_result,Summary of Auction Results for January 2017,https://www.dmo.gov.ng/fgn-bonds/bonds-auction-results/1902-summary-of-auction-results-for-january-2017/file
2017-02-15,Debt Management Office Nigeria,fgn_bond_auction_result,Summary of FGN Bond Auction Results for February 2017,https://www.dmo.gov.ng/fgn-bonds/bonds-auction-results/1931-summary-of-fgn-bond-auction-results-for-february-2017/file
2017-03-15,Debt Management Office Nigeria,fgn_bond_auction_result,Summary of Auction Results for March 2017,https://www.dmo.gov.ng/fgn-bonds/bonds-auction-results/1990-summary-of-auction-results-for-march-2017/file
2017-04-12,Debt Management Office Nigeria,fgn_bond_auction_result,Summary of FGN Bond Auction Results for April 2017,https://www.dmo.gov.ng/fgn-bonds/bonds-auction-results/2025-summary-of-fgn-bond-auction-results-for-april-2017/file
2017-05-10,Debt Management Office Nigeria,fgn_bond_auction_result,Summary of FGN Bond Auction Results for May 2017,https://www.dmo.gov.ng/fgn-bonds/bonds-auction-results/2046-summary-of-fgn-bond-auction-results-for-may-2017/file
2017-06-21,Debt Management Office Nigeria,fgn_bond_auction_result,Summary of FGN Bond Auction Results for June 2017,https://www.dmo.gov.ng/fgn-bonds/bonds-auction-results/2091-summary-of-fgn-bond-auction-results-for-june-2017/file
2017-07-12,Debt Management Office Nigeria,fgn_bond_auction_result,Summary of FGN Bond Auction Results for July 2017,https://www.dmo.gov.ng/fgn-bonds/bonds-auction-results/2120-summary-of-fgn-bond-auction-results-for-july-2017/file
2017-08-23,Debt Management Office Nigeria,fgn_bond_auction_result,Summary of FGN Bond Auction Results for August 2017,https://www.dmo.gov.ng/fgn-bonds/bonds-auction-results/2156-summary-of-auction-results-for-august-2017/file
2017-09-27,Debt Management Office Nigeria,fgn_bond_auction_result,Summary of FGN Bond Auction Results for September 2017,https://www.dmo.gov.ng/fgn-bonds/bonds-auction-results/2207-summary-of-fgn-bond-auction-results-for-september-2017/file
2017-10-25,Debt Management Office Nigeria,fgn_bond_auction_result,Summary of FGN Bond Auction Results for October 2017,https://www.dmo.gov.ng/fgn-bonds/bonds-auction-results/2231-summary-of-fgn-bond-auction-results-for-october-2017/file
2017-11-22,Debt Management Office Nigeria,fgn_bond_auction_result,"Summary of FGN Bond Auction Results for  November, 2017",https://www.dmo.gov.ng/fgn-bonds/bonds-auction-results/2262-summary-of-fgn-bond-auction-results-for-november-2017/file
2017-12-13,Debt Management Office Nigeria,fgn_bond_auction_result,Summary of FGN Bond Auction Results for December 2017,https://www.dmo.gov.ng/fgn-bonds/bonds-auction-results/2286-summary-of-fgn-bond-auction-results-for-december-2017/file
2018-01-24,Debt Management Office Nigeria,fgn_bond_auction_result,"Summary of FGN Bond Auction Results for January, 2018",https://www.dmo.gov.ng/fgn-bonds/bonds-auction-results/2323-summary-of-fgn-bond-auction-results-for-january-2018/file
2018-02-21,Debt Management Office Nigeria,fgn_bond_auction_result,"Summary of FGN Bond Auction Results for February, 2018",https://www.dmo.gov.ng/fgn-bonds/bonds-auction-results/2354-summary-of-fgn-bond-auction-results-for-february-2018/file
2018-03-21,Debt Management Office Nigeria,fgn_bond_auction_result,"Summary of FGN Bond Auction Results for March, 2018",https://www.dmo.gov.ng/fgn-bonds/bonds-auction-results/2389-summary-of-fgn-bond-auction-results-for-march-2018/file
2018-04-25,Debt Management Office Nigeria,fgn_bond_auction_result,Summary of FGN Bond Auction Results for April 2018,https://www.dmo.gov.ng/fgn-bonds/bonds-auction-results/2417-summary-of-fgn-bond-auction-results-for-april-2018/file
2018-05-23,Debt Management Office Nigeria,fgn_bond_auction_result,Summary of FGN Bond Auction Results for May 2018,https://www.dmo.gov.ng/fgn-bonds/bonds-auction-results/2442-summary-of-fgn-bond-auction-results-for-may-2018/file
2018-06-27,Debt Management Office Nigeria,fgn_bond_auction_result,"Summary of Auction Results for June, 2018",https://www.dmo.gov.ng/fgn-bonds/bonds-auction-results/2480-summary-of-auction-results-for-june-2018/file
2018-07-25,Debt Management Office Nigeria,fgn_bond_auction_result,Summary of FGN Bond Auction Results for July 2018,https://www.dmo.gov.ng/fgn-bonds/bonds-auction-results/2506-summary-of-fgn-bond-auction-results-for-july-2018/file
2018-08-15,Debt Management Office Nigeria,fgn_bond_auction_result,Summary of Auction Results for August 2018,https://www.dmo.gov.ng/fgn-bonds/bonds-auction-results/2530-summary-of-auction-results-for-august-2018/file
2018-09-26,Debt Management Office Nigeria,fgn_bond_auction_result,Summary of FGN Bond Auction Results for September 2018,https://www.dmo.gov.ng/fgn-bonds/bonds-auction-results/2567-summary-of-fgn-bond-auction-results-for-september-2018/file
2018-10-24,Debt Management Office Nigeria,fgn_bond_auction_result,"Summary of FGN Bond Auction Results for October, 2018",https://www.dmo.gov.ng/fgn-bonds/bonds-auction-results/2593-summary-of-fgn-bond-auction-results-for-october-2018/file
2018-11-21,Debt Management Office Nigeria,fgn_bond_auction_result,Summary of FGN Bond Auction Results for November 2018,https://www.dmo.gov.ng/fgn-bonds/bonds-auction-results/2623-summary-of-auction-results-for-november-2018/file
2018-12-19,Debt Management Office Nigeria,fgn_bond_auction_result,Summary of FGN Bond Auction Results for December 2018,https://www.dmo.gov.ng/fgn-bonds/bonds-auction-results/2650-summary-of-fgn-bond-auction-results-for-december-2018/file
2019-01-30,Debt Management Office Nigeria,fgn_bond_auction_result,"Summary of FGN Bond Auction Results for January, 2019",https://www.dmo.gov.ng/fgn-bonds/bonds-auction-results/2695-summary-of-fgn-bond-auction-results-for-january-2019/file
2019-02-20,Debt Management Office Nigeria,fgn_bond_auction_result,Summary of Auction Results for February 2019,https://www.dmo.gov.ng/fgn-bonds/bonds-auction-results/2714-summary-of-auction-results-for-february-2019/file
2019-03-27,Debt Management Office Nigeria,fgn_bond_auction_result,"Summary of FGN Bond Auction Results for March, 2019",https://www.dmo.gov.ng/fgn-bonds/bonds-auction-results/2744-summary-of-fgn-bond-auction-results-for-march-2019/file
2019-04-24,Debt Management Office Nigeria,fgn_bond_auction_result,Summary of Auction Results for April 2019,https://www.dmo.gov.ng/fgn-bonds/bonds-auction-results/2779-summary-of-auction-results-for-april-2019/file
2019-05-22,Debt Management Office Nigeria,fgn_bond_auction_result,Summary of FGN Bond Auction Results for May 2019,https://www.dmo.gov.ng/fgn-bonds/bonds-auction-results/2801-summary-of-fgn-bond-auction-results-for-may-2019/file
2019-06-26,Debt Management Office Nigeria,fgn_bond_auction_result,Summary of Auction Results for June 2019,https://www.dmo.gov.ng/fgn-bonds/bonds-auction-results/2834-summary-of-auction-results-for-june-2019/file
2019-07-24,Debt Management Office Nigeria,fgn_bond_auction_result,Summary of FGN Bond Auction Results for July 2019,https://www.dmo.gov.ng/fgn-bonds/bonds-auction-results/2867-summary-of-fgn-bond-auction-results-for-july-2019/file
2019-08-21,Debt Management Office Nigeria,fgn_bond_auction_result,Summary of FGN Bond Auction Results for August 2019,https://www.dmo.gov.ng/fgn-bonds/bonds-auction-results/2895-summary-of-fgn-bond-auction-results-for-august-2019/file
2019-09-17,Debt Management Office Nigeria,fgn_bond_auction_result,September 2019 FGN Bond Offer Circular,https://www.dmo.gov.ng/fgn-bonds/bonds-auction-results/2919-september-2019-fgn-bond-offer-circular/file
2019-09-25,Debt Management Office Nigeria,fgn_bond_auction_result,Summary of Auction Results for September 2019,https://www.dmo.gov.ng/fgn-bonds/bonds-auction-results/2928-summary-of-auction-results-for-september-2019/file
2019-10-23,Debt Management Office Nigeria,fgn_bond_auction_result,"Summary of FGN Bond Auction Results for October, 2019",https://www.dmo.gov.ng/fgn-bonds/bonds-auction-results/2962-summary-of-fgn-bond-auction-results-for-october-2019/file
2019-11-20,Debt Management Office Nigeria,fgn_bond_auction_result,Summary of Auction Results for November 2019,https://www.dmo.gov.ng/fgn-bonds/bonds-auction-results/2984-summary-of-auction-results-for-november-2019/file
2019-12-18,Debt Management Office Nigeria,fgn_bond_auction_result,Summary of Auction Results for December 2019,https://www.dmo.gov.ng/fgn-bonds/bonds-auction-results/3010-summary-of-auction-results-for-december-2019/file
2020-01-22,Debt Management Office Nigeria,fgn_bond_auction_result,"Summary of FGN Bond Auction Results for January, 2020",https://www.dmo.gov.ng/fgn-bonds/bonds-auction-results/3047-summary-of-fgn-bond-auction-results-for-january-2020/file
2020-02-19,Debt Management Office Nigeria,fgn_bond_auction_result,Summary of FGN Bond Auction Results for February 2020,https://www.dmo.gov.ng/fgn-bonds/bonds-auction-results/3076-summary-of-auction-results-for-february-2020/file
2020-03-25,Debt Management Office Nigeria,fgn_bond_auction_result,"Summary of FGN Bond Auction Results for March, 2020",https://www.dmo.gov.ng/fgn-bonds/bonds-auction-results/3111-summary-of-fgn-bond-auction-results-for-march-2020/file
2020-04-22,Debt Management Office Nigeria,fgn_bond_auction_result,Summary of FGN Bond Auction Results for April 2020,https://www.dmo.gov.ng/fgn-bonds/bonds-auction-results/3155-summary-of-fgn-bond-auction-results-for-april-2020/file
2020-05-20,Debt Management Office Nigeria,fgn_bond_auction_result,Summary of FGN Bond Auction Results for May 2020,https://www.dmo.gov.ng/fgn-bonds/bonds-auction-results/3186-summary-of-fgn-bond-auction-results-for-may-2020/file
2020-06-17,Debt Management Office Nigeria,fgn_bond_auction_result,Summary of FGN Bond Auction Results for June 2020,https://www.dmo.gov.ng/fgn-bonds/bonds-auction-results/3214-summary-of-fgn-bond-auction-results-for-june-2020/file
2020-07-22,Debt Management Office Nigeria,fgn_bond_auction_result,Summary of FGN Bond Auction Results for July 2020,https://www.dmo.gov.ng/fgn-bonds/bonds-auction-results/3257-summary-of-fgn-bond-auction-results-for-july-2020/file
2020-08-19,Debt Management Office Nigeria,fgn_bond_auction_result,"Summary of FGN Bond Auction Results for August, 2020",https://www.dmo.gov.ng/fgn-bonds/bonds-auction-results/3285-summary-of-fgn-bond-auction-results-for-august-2020/file
2020-09-23,Debt Management Office Nigeria,fgn_bond_auction_result,"Summary of Auction Results for September, 2020",https://www.dmo.gov.ng/fgn-bonds/bonds-auction-results/3327-summary-of-auction-results-for-september-2020/file
2020-10-21,Debt Management Office Nigeria,fgn_bond_auction_result,"Summary of FGN Bond Auction Results for October, 2020",https://www.dmo.gov.ng/fgn-bonds/bonds-auction-results/3352-summary-of-fgn-bond-auction-results-for-october-2020/file
2020-11-18,Debt Management Office Nigeria,fgn_bond_auction_result,"Summary of FGN Bond Auction Results for November, 2020",https://www.dmo.gov.ng/fgn-bonds/bonds-auction-results/3376-summary-of-fgn-bond-auction-results-for-november-2020/file
2020-12-16,Debt Management Office Nigeria,fgn_bond_auction_result,Summary of FGN Bond Auction Results for December 2020,https://www.dmo.gov.ng/fgn-bonds/bonds-auction-results/3402-summary-of-fgn-bond-auction-results-for-december-2020/file
2021-01-20,Debt Management Office Nigeria,fgn_bond_auction_result,Summary of FGN Bond Auction Results for January 2021,https://www.dmo.gov.ng/fgn-bonds/bonds-auction-results/3436-summary-of-fgn-bond-auction-results-for-january-2021/file
2021-02-17,Debt Management Office Nigeria,fgn_bond_auction_result,"Summary of FGN Bond Auction Results for February, 2021",https://www.dmo.gov.ng/fgn-bonds/bonds-auction-results/3463-summary-of-fgn-bond-auction-results-for-february-2021/file
2021-03-24,Debt Management Office Nigeria,fgn_bond_auction_result,"Summary of FGN Bond Auction Results for March, 2021",https://www.dmo.gov.ng/fgn-bonds/bonds-auction-results/3507-summary-of-fgn-bond-auction-results-for-march-2021/file
2021-04-21,Debt Management Office Nigeria,fgn_bond_auction_result,"Summary of FGN Bond Auction Results for April, 2021",https://www.dmo.gov.ng/fgn-bonds/bonds-auction-results/3530-summary-of-fgn-bond-auction-results-for-april-2021/file
2021-05-19,Debt Management Office Nigeria,fgn_bond_auction_result,"Summary of FGN Bond Auction Results for May, 2021",https://www.dmo.gov.ng/fgn-bonds/bonds-auction-results/3569-summary-of-fgn-bond-auction-results-for-may-2021/file
2021-06-23,Debt Management Office Nigeria,fgn_bond_auction_result,"Summary of FGN Bond Auction Results for June, 2021",https://www.dmo.gov.ng/fgn-bonds/bonds-auction-results/3602-summary-of-fgn-bond-auction-results-for-june-2021/file
2021-07-19,Debt Management Office Nigeria,fgn_bond_auction_result,"Summary of FGN Bond Auction Results for July, 2021",https://www.dmo.gov.ng/fgn-bonds/bonds-auction-results/3629-summary-of-fgn-bond-auction-results-for-july-2021/file
2021-08-18,Debt Management Office Nigeria,fgn_bond_auction_result,"Summary of FGN Bond Auction Results for August, 2021",https://www.dmo.gov.ng/fgn-bonds/bonds-auction-results/3655-summary-of-fgn-bond-auction-results-for-august-2021/file
2021-09-22,Debt Management Office Nigeria,fgn_bond_auction_result,"Summary of FGN Bond Auction Results for September, 2021",https://www.dmo.gov.ng/fgn-bonds/bonds-auction-results/3683-summary-of-fgn-bond-auction-results-for-september-2021/file
2021-10-20,Debt Management Office Nigeria,fgn_bond_auction_result,"Summary of FGN Bond Auction Results for October, 2021",https://www.dmo.gov.ng/fgn-bonds/bonds-auction-results/3719-summary-of-fgn-bond-auction-results-for-october-2021/file
2021-11-17,Debt Management Office Nigeria,fgn_bond_auction_result,"Summary of FGN Bond Auction Results for November, 2021",https://www.dmo.gov.ng/fgn-bonds/bonds-auction-results/3742-summary-of-auction-results-for-november-2021/file
2021-12-15,Debt Management Office Nigeria,fgn_bond_auction_result,"Summary of FGN Bond Auction Results for December, 2021",https://www.dmo.gov.ng/fgn-bonds/bonds-auction-results/3764-summary-of-fgn-bond-auction-results-for-december-2021/file
2022-01-19,Debt Management Office Nigeria,fgn_bond_auction_result,"Summary of FGN Bond Auction Results for January, 2022",https://www.dmo.gov.ng/fgn-bonds/bonds-auction-results/3801-summary-of-fgn-bond-auction-results-for-january-2022/file
2022-02-16,Debt Management Office Nigeria,fgn_bond_auction_result,"Summary of FGN Bond Auction Results for February, 2022",https://www.dmo.gov.ng/fgn-bonds/bonds-auction-results/3825-summary-of-fgn-bond-auction-results-for-february-2022/file
2022-03-21,Debt Management Office Nigeria,fgn_bond_auction_result,"Summary of FGN Bond Auction Results for March, 2022",https://www.dmo.gov.ng/fgn-bonds/bonds-auction-results/3861-summary-of-fgn-bond-auction-results-for-march-2022/file
2022-04-25,Debt Management Office Nigeria,fgn_bond_auction_result,"Summary of FGN Bond Auction Results for April, 2022",https://www.dmo.gov.ng/fgn-bonds/bonds-auction-results/3892-summary-of-fgn-bond-auction-results-for-april-2022/file
2022-05-16,Debt Management Office Nigeria,fgn_bond_auction_result,"Summary of FGN Bond Auction Results for May, 2022",https://www.dmo.gov.ng/fgn-bonds/bonds-auction-results/3927-summary-of-fgn-bond-auction-results-for-may-2022-1/file
2022-06-20,Debt Management Office Nigeria,fgn_bond_auction_result,"Summary of FGN Bond Auction Results for June, 2022",https://www.dmo.gov.ng/fgn-bonds/bonds-auction-results/3950-summary-of-fgn-bond-auction-results-for-june-2022/file
2022-07-18,Debt Management Office Nigeria,fgn_bond_auction_result,"Summary of FGN Bond Auction Results for July, 2022",https://www.dmo.gov.ng/fgn-bonds/bonds-auction-results/3977-summary-of-fgn-bond-auction-results-for-july-2022/file
2022-08-15,Debt Management Office Nigeria,fgn_bond_auction_result,"Summary of FGN Bond Auction Results for August, 2022",https://www.dmo.gov.ng/fgn-bonds/bonds-auction-results/4004-summary-of-fgn-bond-auction-results-for-august-2022/file
2022-09-19,Debt Management Office Nigeria,fgn_bond_auction_result,"Summary of FGN Bond Auction Results for September, 2022",https://www.dmo.gov.ng/fgn-bonds/bonds-auction-results/4042-summary-of-fgn-bond-auction-results-for-september-2022/file
2022-10-17,Debt Management Office Nigeria,fgn_bond_auction_result,"Summary of FGN Bond Auction Results for October, 2022",https://www.dmo.gov.ng/fgn-bonds/bonds-auction-results/4066-summary-of-fgn-bond-auction-results-for-october-2022/file
2022-11-14,Debt Management Office Nigeria,fgn_bond_auction_result,"Summary of FGN Bond Auction Results for November, 2022",https://www.dmo.gov.ng/fgn-bonds/bonds-auction-results/4091-summary-of-fgn-bond-auction-results-for-november-2022/file
2022-12-12,Debt Management Office Nigeria,fgn_bond_auction_result,"Summary of FGN Bond Auction Results for December, 2022",https://www.dmo.gov.ng/fgn-bonds/bonds-auction-results/4124-summary-of-auction-results-for-december-2022/file
2023-01-30,Debt Management Office Nigeria,fgn_bond_auction_result,"Summary of FGN Bond Auction Results for January, 2023",https://www.dmo.gov.ng/fgn-bonds/bonds-auction-results/4168-summary-of-fgn-bond-auction-results-for-january-2023/file
2023-02-13,Debt Management Office Nigeria,fgn_bond_auction_result,"Summary of FGN Bond Auction Results for February, 2023",https://www.dmo.gov.ng/fgn-bonds/bonds-auction-results/4183-summary-of-fgn-bond-auction-results-for-february-2023/file
2023-03-17,Debt Management Office Nigeria,fgn_bond_auction_result,"Nigeria's Eurobonds Closing Prices and Yields as at Thursday March 16, 2023",https://www.dmo.gov.ng/fgn-bonds/bonds-auction-results/4211-nigeria-s-eurobonds-closing-prices-and-yields-as-at-thursday-march-16-2023/file
2023-03-20,Debt Management Office Nigeria,fgn_bond_auction_result,"Summary of FGN Bond Auction Results for March, 2023",https://www.dmo.gov.ng/fgn-bonds/bonds-auction-results/4210-summary-of-fgn-bond-auction-results-for-march-2023/file
2023-04-17,Debt Management Office Nigeria,fgn_bond_auction_result,Summary of Auction Results for April 2023,https://www.dmo.gov.ng/fgn-bonds/bonds-auction-results/4253-summary-of-auction-results-for-april-2023/file
2023-05-15,Debt Management Office Nigeria,fgn_bond_auction_result,"Summary of FGN Bond Auction Results for May, 2023",https://www.dmo.gov.ng/fgn-bonds/bonds-auction-results/4276-summary-of-fgn-bond-auction-results-for-may-2023/file
2023-06-19,Debt Management Office Nigeria,fgn_bond_auction_result,"Summary of FGN Bond Auction Results for June, 2023",https://www.dmo.gov.ng/fgn-bonds/bonds-auction-results/4312-summary-of-fgn-bond-auction-results-for-june-2023/file
2023-07-17,Debt Management Office Nigeria,fgn_bond_auction_result,"Summary of FGN Bond Auction Results for July, 2023",https://www.dmo.gov.ng/fgn-bonds/bonds-auction-results/4347-summary-of-fgn-bond-auction-results-for-july-2023/file
2023-08-14,Debt Management Office Nigeria,fgn_bond_auction_result,"Summary of FGN Bond Auction Results for August, 2023",https://www.dmo.gov.ng/fgn-bonds/bonds-auction-results/4372-summary-of-fgn-bond-auction-results-for-august-2023/file
2023-09-11,Debt Management Office Nigeria,fgn_bond_auction_result,"Summary of FGN Bond Auction Results for September, 2023",https://www.dmo.gov.ng/fgn-bonds/bonds-auction-results/4396-summary-of-fgn-bond-auction-results-for-september-2023/file
2023-10-16,Debt Management Office Nigeria,fgn_bond_auction_result,"Summary of FGN Bond Auction Results for October, 2023",https://www.dmo.gov.ng/fgn-bonds/bonds-auction-results/4436-summary-of-fgn-bond-auction-results-for-october-2023/file
2023-11-13,Debt Management Office Nigeria,fgn_bond_auction_result,"Summary of FGN Bond Auction Results for November, 2023",https://www.dmo.gov.ng/fgn-bonds/bonds-auction-results/4461-summary-of-auction-results-for-november-2023/file
2023-12-11,Debt Management Office Nigeria,fgn_bond_auction_result,"Summary of FGN Bond Auction Results for December, 2023",https://www.dmo.gov.ng/fgn-bonds/bonds-auction-results/4486-summary-of-fgn-bond-auction-results-for-december-2023/file
2024-01-29,Debt Management Office Nigeria,fgn_bond_auction_result,"Summary of FGN Bond Auction Results for January, 2024",https://www.dmo.gov.ng/fgn-bonds/bonds-auction-results/4531-summary-of-fgn-bond-auction-results-for-january-2024/file
2024-02-21,Debt Management Office Nigeria,fgn_bond_auction_result,"Summary of FGN Bond Auction Results for February, 2024",https://www.dmo.gov.ng/fgn-bonds/bonds-auction-results/4551-summary-of-fgn-bond-auction-results-for-february-2024/file
2024-03-18,Debt Management Office Nigeria,fgn_bond_auction_result,"Summary of FGN Bond Auction Results for March, 2024",https://www.dmo.gov.ng/fgn-bonds/bonds-auction-results/4575-summary-of-fgn-bond-auction-results-for-march-2024/file
2024-04-15,Debt Management Office Nigeria,fgn_bond_auction_result,"Summary of FGN Bond Auction Results for April, 2024",https://www.dmo.gov.ng/fgn-bonds/bonds-auction-results/4608-summary-of-fgn-bond-auction-results-for-april-2024/file
2024-05-13,Debt Management Office Nigeria,fgn_bond_auction_result,"Summary of FGN Bond Auction Results for May, 2024",https://www.dmo.gov.ng/fgn-bonds/bonds-auction-results/4668-summary-of-fgn-bond-auction-results-for-may-2024/file
2024-06-24,Debt Management Office Nigeria,fgn_bond_auction_result,"Summary of FGN Bond Auction Results for June, 2024",https://www.dmo.gov.ng/fgn-bonds/bonds-auction-results/4738-summary-of-fgn-bond-auction-results-for-june-2024/file
2024-07-22,Debt Management Office Nigeria,fgn_bond_auction_result,"Summary of FGN Bond Auction Results for July, 2024",https://www.dmo.gov.ng/fgn-bonds/bonds-auction-results/4790-summary-of-fgn-bond-auction-results-for-july-2024/file
2024-08-19,Debt Management Office Nigeria,fgn_bond_auction_result,"Summary of FGN Bond Auction Results for August, 2024",https://www.dmo.gov.ng/fgn-bonds/bonds-auction-results/4827-summary-of-fgn-bond-auction-results-for-august-2024/file
2024-09-23,Debt Management Office Nigeria,fgn_bond_auction_result,"Summary of FGN Bond Auction Results for September, 2024",https://www.dmo.gov.ng/fgn-bonds/bonds-auction-results/4887-summary-of-fgn-bond-auction-results-for-september-2024/file
2024-10-21,Debt Management Office Nigeria,fgn_bond_auction_result,"Summary of FGN Bond Auction Results for October, 2024",https://www.dmo.gov.ng/fgn-bonds/bonds-auction-results/4930-summary-of-fgn-bond-auction-results-for-october-2024/file
2024-11-18,Debt Management Office Nigeria,fgn_bond_auction_result,"Summary of FGN Bond Auction Results for November, 2024",https://www.dmo.gov.ng/fgn-bonds/bonds-auction-results/4986-summary-of-fgn-bond-auction-results-for-november-2024/file
2024-12-16,Debt Management Office Nigeria,fgn_bond_auction_result,"Summary of FGN Bond Auction Results for December, 2024",https://www.dmo.gov.ng/fgn-bonds/bonds-auction-results/5021-summary-of-fgn-bond-auction-results-for-december-2024/file
2025-01-27,Debt Management Office Nigeria,fgn_bond_auction_result,"Summary of FGN Bond Auction Results for January, 2025",https://www.dmo.gov.ng/fgn-bonds/bonds-auction-results/5091-summary-of-fgn-bond-auction-results-for-january-2025/file
2025-02-24,Debt Management Office Nigeria,fgn_bond_auction_result,"Summary of FGN Bond Auction Results for February, 2025",https://www.dmo.gov.ng/fgn-bonds/bonds-auction-results/5140-summary-of-fgn-bond-auction-results-for-february-2025/file
2025-03-25,Debt Management Office Nigeria,fgn_bond_auction_result,Summary of FGN Bond Auction Results for March 2025,https://www.dmo.gov.ng/fgn-bonds/bonds-auction-results/5189-summary-of-fgn-bond-auction-results-for-march-2025/file
2025-04-28,Debt Management Office Nigeria,fgn_bond_auction_result,"Summary of FGN Bond Auction Results for April, 2025",https://www.dmo.gov.ng/fgn-bonds/bonds-auction-results/5250-summary-of-fgn-bond-auction-results-for-april-2025/file
2025-05-26,Debt Management Office Nigeria,fgn_bond_auction_result,"Summary of FGN Bond Auction Results for May, 2025",https://www.dmo.gov.ng/fgn-bonds/bonds-auction-results/5306-summary-of-fgn-bond-auction-results-for-may-2025/file
2025-06-23,Debt Management Office Nigeria,fgn_bond_auction_result,"Summary of FGN Bond Auction Results for June, 2025",https://www.dmo.gov.ng/fgn-bonds/bonds-auction-results/5351-summary-of-fgn-bond-auction-results-for-june-2025/file
2025-07-29,Debt Management Office Nigeria,fgn_bond_auction_result,"Summary of FGN Bond Auction Results for July, 2025",https://www.dmo.gov.ng/fgn-bonds/bonds-auction-results/5414-summary-of-fgn-bond-auction-results-for-july-2025/file
2025-08-26,Debt Management Office Nigeria,fgn_bond_auction_result,"Summary of FGN Bond Auction Results for August, 2025",https://www.dmo.gov.ng/fgn-bonds/bonds-auction-results/5458-summary-of-fgn-bond-auction-results-for-august-2025/file
2025-09-29,Debt Management Office Nigeria,fgn_bond_auction_result,"Summary of FGN Bond Auction Results for September, 2025",https://www.dmo.gov.ng/fgn-bonds/bonds-auction-results/5512-summary-of-fgn-bond-auction-results-for-september-2025/file
2025-10-27,Debt Management Office Nigeria,fgn_bond_auction_result,"Summary of FGN Bond Auction Results for October, 2025",https://www.dmo.gov.ng/fgn-bonds/bonds-auction-results/5569-summary-of-auction-results-for-october-2025/file
2025-11-25,Debt Management Office Nigeria,fgn_bond_auction_result,"Summary of FGN Bond Auction Results for November, 2025",https://www.dmo.gov.ng/fgn-bonds/bonds-auction-results/5612-summary-of-fgn-bond-auction-results-for-november-2025/file
2025-12-15,Debt Management Office Nigeria,fgn_bond_auction_result,"Summary of FGN Bond Auction Results for December, 2025",https://www.dmo.gov.ng/fgn-bonds/bonds-auction-results/5639-summary-of-fgn-bond-auction-results-for-december-2025/file
2026-01-26,Debt Management Office Nigeria,fgn_bond_auction_result,"Summary of FGN Bond Auction Results for January, 2026",https://www.dmo.gov.ng/fgn-bonds/bonds-auction-results/5687-summary-of-fgn-bond-auction-results-for-january-2026/file
2026-02-24,Debt Management Office Nigeria,fgn_bond_auction_result,"Summary of FGN Bond Auction Results for February, 2026",https://www.dmo.gov.ng/fgn-bonds/bonds-auction-results/5742-summary-of-fgn-bond-auction-results-for-february-2026/file
2026-03-30,Debt Management Office Nigeria,fgn_bond_auction_result,Summary of FGN Bond Auction Results for March 2026,https://www.dmo.gov.ng/fgn-bonds/bonds-auction-results/5791-summary-of-fgn-bond-auction-results-for-march-2026/file
2026-04-27,Debt Management Office Nigeria,fgn_bond_auction_result,"Summary of FGN Bond Auction Results for April, 2026",https://www.dmo.gov.ng/fgn-bonds/bonds-auction-results/5840-summary-of-fgn-bond-auction-results-for-april-2026/file
2026-05-18,Debt Management Office Nigeria,fgn_bond_auction_result,"Summary of FGN Bond Auction Results for May, 2026",https://www.dmo.gov.ng/fgn-bonds/bonds-auction-results/5874-summary-of-fgn-bond-auction-results-for-may-2026/file
2026-06-22,Debt Management Office Nigeria,fgn_bond_auction_result,"Summary of FGN Bond Auction Results for June, 2026",https://www.dmo.gov.ng/fgn-bonds/bonds-auction-results/5921-summary-of-fgn-bond-auction-results-for-june-2026/file
2026-07-20,Debt Management Office Nigeria,fgn_bond_auction_result,"Summary of FGN Bond Auction Results for July, 2026",https://www.dmo.gov.ng/fgn-bonds/bonds-auction-results/5961-summary-of-fgn-bond-auction-results-for-july-2026/file
2026-08-17,Debt Management Office Nigeria,fgn_bond_auction_result,"Summary of FGN Bond Auction Results for August, 2026",https://www.dmo.gov.ng/fgn-bonds/bonds-auction-results/6019-summary-of-fgn-bond-auction-results-for-august-2026/file
