year,source,document_type,title,url
2006,Federal Reserve,fomc,Fed Financial Statements,https://www.federalreserve.gov/aboutthefed/fed-financial-statements.htm
2006,Federal Reserve,fomc,Financial Statements,"https://www.federalreserve.gov/apps/ReportingForms/?reportTypesIdsJson=[""1""]"
2006,Federal Reserve,fomc,Minutes,https://www.federalreserve.gov/fomc/minutes/20060131.htm
2006,Federal Reserve,fomc,Minutes,https://www.federalreserve.gov/fomc/minutes/20060328.htm
2006,Federal Reserve,fomc,Minutes,https://www.federalreserve.gov/fomc/minutes/20060510.htm
2006,Federal Reserve,fomc,Minutes,https://www.federalreserve.gov/fomc/minutes/20060629.htm
2006,Federal Reserve,fomc,Minutes,https://www.federalreserve.gov/fomc/minutes/20060808.htm
2006,Federal Reserve,fomc,Minutes,https://www.federalreserve.gov/fomc/minutes/20060920.htm
2006,Federal Reserve,fomc,Minutes,https://www.federalreserve.gov/fomc/minutes/20061025.htm
2006,Federal Reserve,fomc,Minutes,https://www.federalreserve.gov/fomc/minutes/20061212.htm
2006,Federal Reserve,fomc,FAQs,https://www.federalreserve.gov/monetarypolicy/fomc_projectionsfaqs.htm
2006,Federal Reserve,fomc,Statement,https://www.federalreserve.gov/newsevents/press/monetary/20060131a.htm
2006,Federal Reserve,fomc,Statement,https://www.federalreserve.gov/newsevents/press/monetary/20060328a.htm
2006,Federal Reserve,fomc,Statement,https://www.federalreserve.gov/newsevents/press/monetary/20060510a.htm
2006,Federal Reserve,fomc,Statement,https://www.federalreserve.gov/newsevents/press/monetary/20060629a.htm
2006,Federal Reserve,fomc,Statement,https://www.federalreserve.gov/newsevents/press/monetary/20060808a.htm
2006,Federal Reserve,fomc,Statement,https://www.federalreserve.gov/newsevents/press/monetary/20060920a.htm
2006,Federal Reserve,fomc,Statement,https://www.federalreserve.gov/newsevents/press/monetary/20061025a.htm
2006,Federal Reserve,fomc,Statement,https://www.federalreserve.gov/newsevents/press/monetary/20061212a.htm
2007,Federal Reserve,fomc,Minutes,https://www.federalreserve.gov/fomc/minutes/20070131.htm
2007,Federal Reserve,fomc,Minutes,https://www.federalreserve.gov/fomc/minutes/20070321.htm
2007,Federal Reserve,fomc,Minutes,https://www.federalreserve.gov/fomc/minutes/20070509.htm
2007,Federal Reserve,fomc,Minutes,https://www.federalreserve.gov/fomc/minutes/20070628.htm
2007,Federal Reserve,fomc,Minutes,https://www.federalreserve.gov/fomc/minutes/20070807.htm
2007,Federal Reserve,fomc,Minutes,https://www.federalreserve.gov/fomc/minutes/20070918.htm
2007,Federal Reserve,fomc,Minutes,https://www.federalreserve.gov/fomc/minutes/20070918.htm#august10
2007,Federal Reserve,fomc,Minutes,https://www.federalreserve.gov/fomc/minutes/20070918.htm#august16
2007,Federal Reserve,fomc,SEP: Individual Projections (790 KB PDF),https://www.federalreserve.gov/monetarypolicy/files/FOMC20071031SEPcompilation.pdf
2007,Federal Reserve,fomc,320 KB PDF,https://www.federalreserve.gov/monetarypolicy/files/fomcminutes20071031.pdf
2007,Federal Reserve,fomc,862 KB PDF,https://www.federalreserve.gov/monetarypolicy/files/fomcminutes20071211.pdf
2007,Federal Reserve,fomc,HTML,https://www.federalreserve.gov/monetarypolicy/fomcminutes20071031.htm
2007,Federal Reserve,fomc,HTML,https://www.federalreserve.gov/monetarypolicy/fomcminutes20071211.htm
2007,Federal Reserve,fomc,Statement,https://www.federalreserve.gov/newsevents/press/monetary/20070131a.htm
2007,Federal Reserve,fomc,Statement,https://www.federalreserve.gov/newsevents/press/monetary/20070321a.htm
2007,Federal Reserve,fomc,Statement,https://www.federalreserve.gov/newsevents/press/monetary/20070509a.htm
2007,Federal Reserve,fomc,Statement,https://www.federalreserve.gov/newsevents/press/monetary/20070618a.htm
2007,Federal Reserve,fomc,Statement,https://www.federalreserve.gov/newsevents/press/monetary/20070807a.htm
2007,Federal Reserve,fomc,Statement,https://www.federalreserve.gov/newsevents/press/monetary/20070810a.htm
2007,Federal Reserve,fomc,Statement,https://www.federalreserve.gov/newsevents/press/monetary/20070817b.htm
2007,Federal Reserve,fomc,Statement,https://www.federalreserve.gov/newsevents/press/monetary/20070918a.htm
2007,Federal Reserve,fomc,Statement,https://www.federalreserve.gov/newsevents/press/monetary/20071031a.htm
2007,Federal Reserve,fomc,Statement,https://www.federalreserve.gov/newsevents/press/monetary/20071211a.htm
2008,Federal Reserve,fomc,SEP: Individual Projections (603 KB PDF),https://www.federalreserve.gov/monetarypolicy/files/FOMC20080130SEPcompilation.pdf
2008,Federal Reserve,fomc,SEP: Individual Projections (623 KB PDF),https://www.federalreserve.gov/monetarypolicy/files/FOMC20080430SEPcompilation.pdf
2008,Federal Reserve,fomc,SEP: Individual Projections (738 KB PDF),https://www.federalreserve.gov/monetarypolicy/files/FOMC20080625SEPcompilation.pdf
2008,Federal Reserve,fomc,SEP: Individual Projections (613 KB PDF),https://www.federalreserve.gov/monetarypolicy/files/FOMC20081029SEPcompilation.pdf
2008,Federal Reserve,fomc,364 KB PDF,https://www.federalreserve.gov/monetarypolicy/files/fomcminutes20080130.pdf
2008,Federal Reserve,fomc,256 KB PDF,https://www.federalreserve.gov/monetarypolicy/files/fomcminutes20080318.pdf
2008,Federal Reserve,fomc,338 KB PDF,https://www.federalreserve.gov/monetarypolicy/files/fomcminutes20080430.pdf
2008,Federal Reserve,fomc,310 KB PDF,https://www.federalreserve.gov/monetarypolicy/files/fomcminutes20080625.pdf
2008,Federal Reserve,fomc,252 KB PDF,https://www.federalreserve.gov/monetarypolicy/files/fomcminutes20080805.pdf
2008,Federal Reserve,fomc,237 KB PDF,https://www.federalreserve.gov/monetarypolicy/files/fomcminutes20080916.pdf
2008,Federal Reserve,fomc,141 KB PDF,https://www.federalreserve.gov/monetarypolicy/files/fomcminutes20081029.pdf
2008,Federal Reserve,fomc,264 KB PDF,https://www.federalreserve.gov/monetarypolicy/files/fomcminutes20081216.pdf
2008,Federal Reserve,fomc,HTML,https://www.federalreserve.gov/monetarypolicy/fomcminutes20080130.htm
2008,Federal Reserve,fomc,HTML,https://www.federalreserve.gov/monetarypolicy/fomcminutes20080318.htm
2008,Federal Reserve,fomc,HTML,https://www.federalreserve.gov/monetarypolicy/fomcminutes20080430.htm
2008,Federal Reserve,fomc,HTML,https://www.federalreserve.gov/monetarypolicy/fomcminutes20080805.htm
2008,Federal Reserve,fomc,HTML,https://www.federalreserve.gov/monetarypolicy/fomcminutes20080916.htm
2008,Federal Reserve,fomc,HTML,https://www.federalreserve.gov/monetarypolicy/fomcminutes20081029.htm
2008,Federal Reserve,fomc,HTML,https://www.federalreserve.gov/monetarypolicy/fomcminutes20081216.htm
2008,Federal Reserve,fomc,Statement,https://www.federalreserve.gov/newsevents/press/monetary/20080122b.htm
2008,Federal Reserve,fomc,Statement,https://www.federalreserve.gov/newsevents/press/monetary/20080130a.htm
2008,Federal Reserve,fomc,Statement,https://www.federalreserve.gov/newsevents/press/monetary/20080311a.htm
2008,Federal Reserve,fomc,Statement,https://www.federalreserve.gov/newsevents/press/monetary/20080318a.htm
2008,Federal Reserve,fomc,Statement,https://www.federalreserve.gov/newsevents/press/monetary/20080430a.htm
2008,Federal Reserve,fomc,Statement,https://www.federalreserve.gov/newsevents/press/monetary/20080625a.htm
2008,Federal Reserve,fomc,Statement,https://www.federalreserve.gov/newsevents/press/monetary/20080805a.htm
2008,Federal Reserve,fomc,Statement,https://www.federalreserve.gov/newsevents/press/monetary/20080916a.htm
2008,Federal Reserve,fomc,Statement,https://www.federalreserve.gov/newsevents/press/monetary/20081008a.htm
2008,Federal Reserve,fomc,Statement,https://www.federalreserve.gov/newsevents/press/monetary/20081029a.htm
2008,Federal Reserve,fomc,Statement,https://www.federalreserve.gov/newsevents/press/monetary/20081216b.htm
2009,Federal Reserve,fomc,SEP: Individual Projections (170 KB PDF),https://www.federalreserve.gov/monetarypolicy/files/FOMC20090128SEPcompilation.pdf
2009,Federal Reserve,fomc,SEP: Individual Projections (672 KB PDF),https://www.federalreserve.gov/monetarypolicy/files/FOMC20090429SEPcompilation.pdf
2009,Federal Reserve,fomc,SEP: Individual Projections (626 KB PDF),https://www.federalreserve.gov/monetarypolicy/files/FOMC20090624SEPcompilation.pdf
2009,Federal Reserve,fomc,SEP: Individual Projections (646 KB PDF),https://www.federalreserve.gov/monetarypolicy/files/FOMC20091104SEPcompilation.pdf
2009,Federal Reserve,fomc,493 KB PDF,https://www.federalreserve.gov/monetarypolicy/files/fomcminutes20090128.pdf
2009,Federal Reserve,fomc,265 KB PDF,https://www.federalreserve.gov/monetarypolicy/files/fomcminutes20090318.pdf
2009,Federal Reserve,fomc,344 KB PDF,https://www.federalreserve.gov/monetarypolicy/files/fomcminutes20090429.pdf
2009,Federal Reserve,fomc,347 KB PDF,https://www.federalreserve.gov/monetarypolicy/files/fomcminutes20090624.pdf
2009,Federal Reserve,fomc,260 KB PDF,https://www.federalreserve.gov/monetarypolicy/files/fomcminutes20090812.pdf
2009,Federal Reserve,fomc,263 KB PDF,https://www.federalreserve.gov/monetarypolicy/files/fomcminutes20090923.pdf
2009,Federal Reserve,fomc,337 KB PDF,https://www.federalreserve.gov/monetarypolicy/files/fomcminutes20091104.pdf
2009,Federal Reserve,fomc,318 KB PDF,https://www.federalreserve.gov/monetarypolicy/files/fomcminutes20091216.pdf
2009,Federal Reserve,fomc,HTML,https://www.federalreserve.gov/monetarypolicy/fomcminutes20090128.htm
2009,Federal Reserve,fomc,HTML,https://www.federalreserve.gov/monetarypolicy/fomcminutes20090318.htm
2009,Federal Reserve,fomc,HTML,https://www.federalreserve.gov/monetarypolicy/fomcminutes20090429.htm
2009,Federal Reserve,fomc,HTML,https://www.federalreserve.gov/monetarypolicy/fomcminutes20090624.htm
2009,Federal Reserve,fomc,HTML,https://www.federalreserve.gov/monetarypolicy/fomcminutes20090812.htm
2009,Federal Reserve,fomc,HTML,https://www.federalreserve.gov/monetarypolicy/fomcminutes20090923.htm
2009,Federal Reserve,fomc,HTML,https://www.federalreserve.gov/monetarypolicy/fomcminutes20091104.htm
2009,Federal Reserve,fomc,HTML,https://www.federalreserve.gov/monetarypolicy/fomcminutes20091216.htm
2009,Federal Reserve,fomc,Statement,https://www.federalreserve.gov/newsevents/press/monetary/20090128a.htm
2009,Federal Reserve,fomc,Statement,https://www.federalreserve.gov/newsevents/press/monetary/20090318a.htm
2009,Federal Reserve,fomc,Statement,https://www.federalreserve.gov/newsevents/press/monetary/20090429a.htm
2009,Federal Reserve,fomc,Statement,https://www.federalreserve.gov/newsevents/press/monetary/20090624a.htm
2009,Federal Reserve,fomc,Statement,https://www.federalreserve.gov/newsevents/press/monetary/20090812a.htm
2009,Federal Reserve,fomc,Statement,https://www.federalreserve.gov/newsevents/press/monetary/20090923a.htm
2009,Federal Reserve,fomc,Statement,https://www.federalreserve.gov/newsevents/press/monetary/20091104a.htm
2009,Federal Reserve,fomc,Statement,https://www.federalreserve.gov/newsevents/press/monetary/20091216a.htm
2010,Federal Reserve,fomc,SEP: Individual Projections (738 KB PDF),https://www.federalreserve.gov/monetarypolicy/files/FOMC20100127SEPcompilation.pdf
2010,Federal Reserve,fomc,SEP: Individual Projections (754 KB PDF),https://www.federalreserve.gov/monetarypolicy/files/FOMC20100428SEPcompilation.pdf
2010,Federal Reserve,fomc,SEP: Individual Projections (754 KB PDF),https://www.federalreserve.gov/monetarypolicy/files/FOMC20100623SEPcompilation.pdf
2010,Federal Reserve,fomc,SEP: Individual Projections (772 KB PDF),https://www.federalreserve.gov/monetarypolicy/files/FOMC20101103SEPcompilation.pdf
2010,Federal Reserve,fomc,253 KB PDF,https://www.federalreserve.gov/monetarypolicy/files/fomcminutes20100127.pdf
2010,Federal Reserve,fomc,254 KB PDF,https://www.federalreserve.gov/monetarypolicy/files/fomcminutes20100316.pdf
2010,Federal Reserve,fomc,318 KB PDF,https://www.federalreserve.gov/monetarypolicy/files/fomcminutes20100428.pdf
2010,Federal Reserve,fomc,338 KB PDF,https://www.federalreserve.gov/monetarypolicy/files/fomcminutes20100623.pdf
2010,Federal Reserve,fomc,256 KB PDF,https://www.federalreserve.gov/monetarypolicy/files/fomcminutes20100810.pdf
2010,Federal Reserve,fomc,276 KB PDF,https://www.federalreserve.gov/monetarypolicy/files/fomcminutes20100921.pdf
2010,Federal Reserve,fomc,340 KB PDF,https://www.federalreserve.gov/monetarypolicy/files/fomcminutes20101103.pdf
2010,Federal Reserve,fomc,256 KB PDF,https://www.federalreserve.gov/monetarypolicy/files/fomcminutes20101214.pdf
2010,Federal Reserve,fomc,HTML,https://www.federalreserve.gov/monetarypolicy/fomcminutes20100127.htm
2010,Federal Reserve,fomc,HTML,https://www.federalreserve.gov/monetarypolicy/fomcminutes20100316.htm
2010,Federal Reserve,fomc,HTML,https://www.federalreserve.gov/monetarypolicy/fomcminutes20100428.htm
2010,Federal Reserve,fomc,HTML,https://www.federalreserve.gov/monetarypolicy/fomcminutes20100623.htm
2010,Federal Reserve,fomc,HTML,https://www.federalreserve.gov/monetarypolicy/fomcminutes20100810.htm
2010,Federal Reserve,fomc,HTML,https://www.federalreserve.gov/monetarypolicy/fomcminutes20100921.htm
2010,Federal Reserve,fomc,HTML,https://www.federalreserve.gov/monetarypolicy/fomcminutes20101103.htm
2010,Federal Reserve,fomc,HTML,https://www.federalreserve.gov/monetarypolicy/fomcminutes20101214.htm
2010,Federal Reserve,fomc,Statement,https://www.federalreserve.gov/newsevents/press/monetary/20100127a.htm
2010,Federal Reserve,fomc,Statement,https://www.federalreserve.gov/newsevents/press/monetary/20100316a.htm
2010,Federal Reserve,fomc,Statement,https://www.federalreserve.gov/newsevents/press/monetary/20100428a.htm
2010,Federal Reserve,fomc,Statement,https://www.federalreserve.gov/newsevents/press/monetary/20100509a.htm
2010,Federal Reserve,fomc,Statement,https://www.federalreserve.gov/newsevents/press/monetary/20100623a.htm
2010,Federal Reserve,fomc,Statement,https://www.federalreserve.gov/newsevents/press/monetary/20100810a.htm
2010,Federal Reserve,fomc,Statement,https://www.federalreserve.gov/newsevents/press/monetary/20100921a.htm
2010,Federal Reserve,fomc,Statement,https://www.federalreserve.gov/newsevents/press/monetary/20101103a.htm
2010,Federal Reserve,fomc,Statement,https://www.federalreserve.gov/newsevents/press/monetary/20101214a.htm
2011,Federal Reserve,fomc,SEP: Individual Projections (832 KB PDF),https://www.federalreserve.gov/monetarypolicy/files/FOMC20110126SEPcompilation.pdf
2011,Federal Reserve,fomc,SEP: Individual Projections (816 KB PDF),https://www.federalreserve.gov/monetarypolicy/files/FOMC20110427SEPcompilation.pdf
2011,Federal Reserve,fomc,SEP: Individual Projections (827 KB PDF),https://www.federalreserve.gov/monetarypolicy/files/FOMC20110622SEPcompilation.pdf
2011,Federal Reserve,fomc,SEP: Individual Projections (842 KB PDF),https://www.federalreserve.gov/monetarypolicy/files/FOMC20111102SEPcompilation.pdf
2011,Federal Reserve,fomc,PDF,https://www.federalreserve.gov/monetarypolicy/files/fomcminutes20110126.pdf
2011,Federal Reserve,fomc,PDF,https://www.federalreserve.gov/monetarypolicy/files/fomcminutes20110315.pdf
2011,Federal Reserve,fomc,PDF,https://www.federalreserve.gov/monetarypolicy/files/fomcminutes20110427.pdf
2011,Federal Reserve,fomc,PDF,https://www.federalreserve.gov/monetarypolicy/files/fomcminutes20110622.pdf
2011,Federal Reserve,fomc,PDF,https://www.federalreserve.gov/monetarypolicy/files/fomcminutes20110809.pdf
2011,Federal Reserve,fomc,PDF,https://www.federalreserve.gov/monetarypolicy/files/fomcminutes20110921.pdf
2011,Federal Reserve,fomc,PDF,https://www.federalreserve.gov/monetarypolicy/files/fomcminutes20111102.pdf
2011,Federal Reserve,fomc,PDF,https://www.federalreserve.gov/monetarypolicy/files/fomcminutes20111213.pdf
2011,Federal Reserve,fomc,HTML,https://www.federalreserve.gov/monetarypolicy/fomcminutes20110126.htm
2011,Federal Reserve,fomc,HTML,https://www.federalreserve.gov/monetarypolicy/fomcminutes20110315.htm
2011,Federal Reserve,fomc,HTML,https://www.federalreserve.gov/monetarypolicy/fomcminutes20110427.htm
2011,Federal Reserve,fomc,HTML,https://www.federalreserve.gov/monetarypolicy/fomcminutes20110622.htm
2011,Federal Reserve,fomc,HTML,https://www.federalreserve.gov/monetarypolicy/fomcminutes20110809.htm
2011,Federal Reserve,fomc,HTML,https://www.federalreserve.gov/monetarypolicy/fomcminutes20110921.htm
2011,Federal Reserve,fomc,HTML,https://www.federalreserve.gov/monetarypolicy/fomcminutes20111102.htm
2011,Federal Reserve,fomc,HTML,https://www.federalreserve.gov/monetarypolicy/fomcminutes20111213.htm
2011,Federal Reserve,fomc,Press Conference,https://www.federalreserve.gov/monetarypolicy/fomcpresconf20110427.htm
2011,Federal Reserve,fomc,Press Conference,https://www.federalreserve.gov/monetarypolicy/fomcpresconf20110622.htm
2011,Federal Reserve,fomc,Press Conference,https://www.federalreserve.gov/monetarypolicy/fomcpresconf20111102.htm
2011,Federal Reserve,fomc,Statement,https://www.federalreserve.gov/newsevents/pressreleases/monetary20110126a.htm
2011,Federal Reserve,fomc,Statement,https://www.federalreserve.gov/newsevents/pressreleases/monetary20110315a.htm
2011,Federal Reserve,fomc,Statement,https://www.federalreserve.gov/newsevents/pressreleases/monetary20110427a.htm
2011,Federal Reserve,fomc,Statement,https://www.federalreserve.gov/newsevents/pressreleases/monetary20110622a.htm
2011,Federal Reserve,fomc,Statement,https://www.federalreserve.gov/newsevents/pressreleases/monetary20110809a.htm
2011,Federal Reserve,fomc,Statement,https://www.federalreserve.gov/newsevents/pressreleases/monetary20110921a.htm
2011,Federal Reserve,fomc,Statement,https://www.federalreserve.gov/newsevents/pressreleases/monetary20111102a.htm
2011,Federal Reserve,fomc,Statement,https://www.federalreserve.gov/newsevents/pressreleases/monetary20111213a.htm
2012,Federal Reserve,fomc,SEP: Individual Projections (841 KB PDF),https://www.federalreserve.gov/monetarypolicy/files/FOMC20120125SEPcompilation.pdf
2012,Federal Reserve,fomc,SEP: Individual Projections (861 KB PDF),https://www.federalreserve.gov/monetarypolicy/files/FOMC20120425SEPcompilation.pdf
2012,Federal Reserve,fomc,SEP: Individual Projections (801 KB PDF),https://www.federalreserve.gov/monetarypolicy/files/FOMC20120620SEPcompilation.pdf
2012,Federal Reserve,fomc,SEP: Individual Projections (790 KB PDF),https://www.federalreserve.gov/monetarypolicy/files/FOMC20120913SEPcompilation.pdf
2012,Federal Reserve,fomc,SEP: Individual Projections (789 KB PDF),https://www.federalreserve.gov/monetarypolicy/files/FOMC20121212SEPcompilation.pdf
2012,Federal Reserve,fomc,Statement on Longer-Run Goals and Monetary Policy Strategy (PDF),https://www.federalreserve.gov/monetarypolicy/files/FOMC_LongerRunGoals_201201.pdf
2012,Federal Reserve,fomc,PDF,https://www.federalreserve.gov/monetarypolicy/files/fomcminutes20120125.pdf
2012,Federal Reserve,fomc,PDF,https://www.federalreserve.gov/monetarypolicy/files/fomcminutes20120313.pdf
2012,Federal Reserve,fomc,PDF,https://www.federalreserve.gov/monetarypolicy/files/fomcminutes20120425.pdf
2012,Federal Reserve,fomc,PDF,https://www.federalreserve.gov/monetarypolicy/files/fomcminutes20120620.pdf
2012,Federal Reserve,fomc,PDF,https://www.federalreserve.gov/monetarypolicy/files/fomcminutes20120801.pdf
2012,Federal Reserve,fomc,PDF,https://www.federalreserve.gov/monetarypolicy/files/fomcminutes20120913.pdf
2012,Federal Reserve,fomc,PDF,https://www.federalreserve.gov/monetarypolicy/files/fomcminutes20121023.pdf
2012,Federal Reserve,fomc,PDF,https://www.federalreserve.gov/monetarypolicy/files/fomcminutes20121212.pdf
2012,Federal Reserve,fomc,HTML,https://www.federalreserve.gov/monetarypolicy/fomcminutes20120125.htm
2012,Federal Reserve,fomc,HTML,https://www.federalreserve.gov/monetarypolicy/fomcminutes20120313.htm
2012,Federal Reserve,fomc,HTML,https://www.federalreserve.gov/monetarypolicy/fomcminutes20120425.htm
2012,Federal Reserve,fomc,HTML,https://www.federalreserve.gov/monetarypolicy/fomcminutes20120620.htm
2012,Federal Reserve,fomc,HTML,https://www.federalreserve.gov/monetarypolicy/fomcminutes20120801.htm
2012,Federal Reserve,fomc,HTML,https://www.federalreserve.gov/monetarypolicy/fomcminutes20120913.htm
2012,Federal Reserve,fomc,HTML,https://www.federalreserve.gov/monetarypolicy/fomcminutes20121024.htm
2012,Federal Reserve,fomc,HTML,https://www.federalreserve.gov/monetarypolicy/fomcminutes20121212.htm
2012,Federal Reserve,fomc,Press Conference,https://www.federalreserve.gov/monetarypolicy/fomcpresconf20120125.htm
2012,Federal Reserve,fomc,Press Conference,https://www.federalreserve.gov/monetarypolicy/fomcpresconf20120425.htm
2012,Federal Reserve,fomc,Press Conference,https://www.federalreserve.gov/monetarypolicy/fomcpresconf20120620.htm
2012,Federal Reserve,fomc,Press Conference,https://www.federalreserve.gov/monetarypolicy/fomcpresconf20120913.htm
2012,Federal Reserve,fomc,Press Conference,https://www.federalreserve.gov/monetarypolicy/fomcpresconf20121212.htm
2012,Federal Reserve,fomc,Statement,https://www.federalreserve.gov/newsevents/pressreleases/monetary20120125a.htm
2012,Federal Reserve,fomc,Statement,https://www.federalreserve.gov/newsevents/pressreleases/monetary20120313a.htm
2012,Federal Reserve,fomc,Statement,https://www.federalreserve.gov/newsevents/pressreleases/monetary20120425a.htm
2012,Federal Reserve,fomc,Statement,https://www.federalreserve.gov/newsevents/pressreleases/monetary20120620a.htm
2012,Federal Reserve,fomc,Statement,https://www.federalreserve.gov/newsevents/pressreleases/monetary20120801a.htm
2012,Federal Reserve,fomc,Statement,https://www.federalreserve.gov/newsevents/pressreleases/monetary20120913a.htm
2012,Federal Reserve,fomc,Statement,https://www.federalreserve.gov/newsevents/pressreleases/monetary20121024a.htm
2012,Federal Reserve,fomc,Statement,https://www.federalreserve.gov/newsevents/pressreleases/monetary20121212a.htm
2013,Federal Reserve,fomc,SEP: Individual Projections (970 KB PDF),https://www.federalreserve.gov/monetarypolicy/files/FOMC20130320SEPcompilation.pdf
2013,Federal Reserve,fomc,SEP: Individual Projections (903 KB PDF),https://www.federalreserve.gov/monetarypolicy/files/FOMC20130619SEPcompilation.pdf
2013,Federal Reserve,fomc,SEP: Individual Projections (905 KB PDF),https://www.federalreserve.gov/monetarypolicy/files/FOMC20130918SEPcompilation.pdf
2013,Federal Reserve,fomc,SEP: Individual Projections (953 KB PDF),https://www.federalreserve.gov/monetarypolicy/files/FOMC20131218SEPcompilation.pdf
2013,Federal Reserve,fomc,Statement on Longer-Run Goals and Monetary Policy Strategy (PDF),https://www.federalreserve.gov/monetarypolicy/files/FOMC_LongerRunGoals_201301.pdf
2013,Federal Reserve,fomc,PDF,https://www.federalreserve.gov/monetarypolicy/files/fomcminutes20130130.pdf
2013,Federal Reserve,fomc,PDF,https://www.federalreserve.gov/monetarypolicy/files/fomcminutes20130320.pdf
2013,Federal Reserve,fomc,PDF,https://www.federalreserve.gov/monetarypolicy/files/fomcminutes20130501.pdf
2013,Federal Reserve,fomc,PDF,https://www.federalreserve.gov/monetarypolicy/files/fomcminutes20130619.pdf
2013,Federal Reserve,fomc,PDF,https://www.federalreserve.gov/monetarypolicy/files/fomcminutes20130731.pdf
2013,Federal Reserve,fomc,PDF,https://www.federalreserve.gov/monetarypolicy/files/fomcminutes20130918.pdf
2013,Federal Reserve,fomc,PDF,https://www.federalreserve.gov/monetarypolicy/files/fomcminutes20131030.pdf
2013,Federal Reserve,fomc,PDF,https://www.federalreserve.gov/monetarypolicy/files/fomcminutes20131218.pdf
2013,Federal Reserve,fomc,HTML,https://www.federalreserve.gov/monetarypolicy/fomcminutes20130130.htm
2013,Federal Reserve,fomc,HTML,https://www.federalreserve.gov/monetarypolicy/fomcminutes20130320.htm
2013,Federal Reserve,fomc,HTML,https://www.federalreserve.gov/monetarypolicy/fomcminutes20130501.htm
2013,Federal Reserve,fomc,HTML,https://www.federalreserve.gov/monetarypolicy/fomcminutes20130619.htm
2013,Federal Reserve,fomc,HTML,https://www.federalreserve.gov/monetarypolicy/fomcminutes20130731.htm
2013,Federal Reserve,fomc,HTML,https://www.federalreserve.gov/monetarypolicy/fomcminutes20130918.htm
2013,Federal Reserve,fomc,HTML,https://www.federalreserve.gov/monetarypolicy/fomcminutes20131030.htm
2013,Federal Reserve,fomc,HTML,https://www.federalreserve.gov/monetarypolicy/fomcminutes20131218.htm
2013,Federal Reserve,fomc,Press Conference,https://www.federalreserve.gov/monetarypolicy/fomcpresconf20130320.htm
2013,Federal Reserve,fomc,Press Conference,https://www.federalreserve.gov/monetarypolicy/fomcpresconf20130619.htm
2013,Federal Reserve,fomc,Press Conference,https://www.federalreserve.gov/monetarypolicy/fomcpresconf20130918.htm
2013,Federal Reserve,fomc,Press Conference,https://www.federalreserve.gov/monetarypolicy/fomcpresconf20131218.htm
2013,Federal Reserve,fomc,Statement,https://www.federalreserve.gov/newsevents/pressreleases/monetary20130130a.htm
2013,Federal Reserve,fomc,Statement,https://www.federalreserve.gov/newsevents/pressreleases/monetary20130320a.htm
2013,Federal Reserve,fomc,Statement,https://www.federalreserve.gov/newsevents/pressreleases/monetary20130501a.htm
2013,Federal Reserve,fomc,Statement,https://www.federalreserve.gov/newsevents/pressreleases/monetary20130619a.htm
2013,Federal Reserve,fomc,Statement,https://www.federalreserve.gov/newsevents/pressreleases/monetary20130731a.htm
2013,Federal Reserve,fomc,Statement,https://www.federalreserve.gov/newsevents/pressreleases/monetary20130918a.htm
2013,Federal Reserve,fomc,Statement,https://www.federalreserve.gov/newsevents/pressreleases/monetary20131030a.htm
2013,Federal Reserve,fomc,Statement,https://www.federalreserve.gov/newsevents/pressreleases/monetary20131218a.htm
2014,Federal Reserve,fomc,SEP: Individual Projections (2.18 MB PDF),https://www.federalreserve.gov/monetarypolicy/files/FOMC20140319SEPcompilation.pdf
2014,Federal Reserve,fomc,SEP: Individual Projections (1.36 MB PDF),https://www.federalreserve.gov/monetarypolicy/files/FOMC20140618SEPcompilation.pdf
2014,Federal Reserve,fomc,SEP: Individual Projections (1.36 MB PDF),https://www.federalreserve.gov/monetarypolicy/files/FOMC20140917SEPcompilation.pdf
2014,Federal Reserve,fomc,SEP: Individual Projections (1.42 MB PDF),https://www.federalreserve.gov/monetarypolicy/files/FOMC20141217SEPcompilation.pdf
2014,Federal Reserve,fomc,Statement on Longer-Run Goals and Monetary Policy Strategy (PDF),https://www.federalreserve.gov/monetarypolicy/files/FOMC_LongerRunGoals_201401.pdf
2014,Federal Reserve,fomc,PDF,https://www.federalreserve.gov/monetarypolicy/files/fomcminutes20140129.pdf
2014,Federal Reserve,fomc,PDF,https://www.federalreserve.gov/monetarypolicy/files/fomcminutes20140319.pdf
2014,Federal Reserve,fomc,PDF,https://www.federalreserve.gov/monetarypolicy/files/fomcminutes20140430.pdf
2014,Federal Reserve,fomc,PDF,https://www.federalreserve.gov/monetarypolicy/files/fomcminutes20140618.pdf
2014,Federal Reserve,fomc,PDF,https://www.federalreserve.gov/monetarypolicy/files/fomcminutes20140730.pdf
2014,Federal Reserve,fomc,PDF,https://www.federalreserve.gov/monetarypolicy/files/fomcminutes20140917.pdf
2014,Federal Reserve,fomc,PDF,https://www.federalreserve.gov/monetarypolicy/files/fomcminutes20141029.pdf
2014,Federal Reserve,fomc,PDF,https://www.federalreserve.gov/monetarypolicy/files/fomcminutes20141217.pdf
2014,Federal Reserve,fomc,HTML,https://www.federalreserve.gov/monetarypolicy/fomcminutes20140129.htm
2014,Federal Reserve,fomc,HTML,https://www.federalreserve.gov/monetarypolicy/fomcminutes20140319.htm
2014,Federal Reserve,fomc,HTML,https://www.federalreserve.gov/monetarypolicy/fomcminutes20140430.htm
2014,Federal Reserve,fomc,HTML,https://www.federalreserve.gov/monetarypolicy/fomcminutes20140618.htm
2014,Federal Reserve,fomc,HTML,https://www.federalreserve.gov/monetarypolicy/fomcminutes20140730.htm
2014,Federal Reserve,fomc,HTML,https://www.federalreserve.gov/monetarypolicy/fomcminutes20140917.htm
2014,Federal Reserve,fomc,HTML,https://www.federalreserve.gov/monetarypolicy/fomcminutes20141029.htm
2014,Federal Reserve,fomc,HTML,https://www.federalreserve.gov/monetarypolicy/fomcminutes20141217.htm
2014,Federal Reserve,fomc,Press Conference,https://www.federalreserve.gov/monetarypolicy/fomcpresconf20140319.htm
2014,Federal Reserve,fomc,Press Conference,https://www.federalreserve.gov/monetarypolicy/fomcpresconf20140618.htm
2014,Federal Reserve,fomc,Press Conference,https://www.federalreserve.gov/monetarypolicy/fomcpresconf20140917.htm
2014,Federal Reserve,fomc,Press Conference,https://www.federalreserve.gov/monetarypolicy/fomcpresconf20141217.htm
2014,Federal Reserve,fomc,Statement,https://www.federalreserve.gov/newsevents/pressreleases/monetary20140129a.htm
2014,Federal Reserve,fomc,Statement,https://www.federalreserve.gov/newsevents/pressreleases/monetary20140319a.htm
2014,Federal Reserve,fomc,Statement,https://www.federalreserve.gov/newsevents/pressreleases/monetary20140430a.htm
2014,Federal Reserve,fomc,Statement,https://www.federalreserve.gov/newsevents/pressreleases/monetary20140618a.htm
2014,Federal Reserve,fomc,Statement,https://www.federalreserve.gov/newsevents/pressreleases/monetary20140730a.htm
2014,Federal Reserve,fomc,Statement,https://www.federalreserve.gov/newsevents/pressreleases/monetary20140917a.htm
2014,Federal Reserve,fomc,Statement,https://www.federalreserve.gov/newsevents/pressreleases/monetary20141029a.htm
2014,Federal Reserve,fomc,Statement,https://www.federalreserve.gov/newsevents/pressreleases/monetary20141217a.htm
2015,Federal Reserve,fomc,SEP: Individual Projections (1.4 MB PDF),https://www.federalreserve.gov/monetarypolicy/files/FOMC20150318SEPcompilation.pdf
2015,Federal Reserve,fomc,SEP: Individual Projections (1.51 MB PDF),https://www.federalreserve.gov/monetarypolicy/files/FOMC20150617SEPcompilation.pdf
2015,Federal Reserve,fomc,SEP: Individual Projections (1.55 MB PDF),https://www.federalreserve.gov/monetarypolicy/files/FOMC20150917SEPcompilation.pdf
2015,Federal Reserve,fomc,SEP: Individual Projections (1.53 MB PDF),https://www.federalreserve.gov/monetarypolicy/files/FOMC20151216SEPcompilation.pdf
2015,Federal Reserve,fomc,Statement on Longer-Run Goals and Monetary Policy Strategy (PDF),https://www.federalreserve.gov/monetarypolicy/files/FOMC_LongerRunGoals_201501.pdf
2015,Federal Reserve,fomc,PDF,https://www.federalreserve.gov/monetarypolicy/files/fomcminutes20150128.pdf
2015,Federal Reserve,fomc,PDF,https://www.federalreserve.gov/monetarypolicy/files/fomcminutes20150318.pdf
2015,Federal Reserve,fomc,PDF,https://www.federalreserve.gov/monetarypolicy/files/fomcminutes20150429.pdf
2015,Federal Reserve,fomc,PDF,https://www.federalreserve.gov/monetarypolicy/files/fomcminutes20150617.pdf
2015,Federal Reserve,fomc,PDF,https://www.federalreserve.gov/monetarypolicy/files/fomcminutes20150729.pdf
2015,Federal Reserve,fomc,PDF,https://www.federalreserve.gov/monetarypolicy/files/fomcminutes20150917.pdf
2015,Federal Reserve,fomc,PDF,https://www.federalreserve.gov/monetarypolicy/files/fomcminutes20151028.pdf
2015,Federal Reserve,fomc,PDF,https://www.federalreserve.gov/monetarypolicy/files/fomcminutes20151216.pdf
2015,Federal Reserve,fomc,HTML,https://www.federalreserve.gov/monetarypolicy/fomcminutes20150128.htm
2015,Federal Reserve,fomc,HTML,https://www.federalreserve.gov/monetarypolicy/fomcminutes20150318.htm
2015,Federal Reserve,fomc,HTML,https://www.federalreserve.gov/monetarypolicy/fomcminutes20150429.htm
2015,Federal Reserve,fomc,HTML,https://www.federalreserve.gov/monetarypolicy/fomcminutes20150617.htm
2015,Federal Reserve,fomc,HTML,https://www.federalreserve.gov/monetarypolicy/fomcminutes20150729.htm
2015,Federal Reserve,fomc,HTML,https://www.federalreserve.gov/monetarypolicy/fomcminutes20150917.htm
2015,Federal Reserve,fomc,HTML,https://www.federalreserve.gov/monetarypolicy/fomcminutes20151028.htm
2015,Federal Reserve,fomc,HTML,https://www.federalreserve.gov/monetarypolicy/fomcminutes20151216.htm
2015,Federal Reserve,fomc,Press Conference,https://www.federalreserve.gov/monetarypolicy/fomcpresconf20150318.htm
2015,Federal Reserve,fomc,Press Conference,https://www.federalreserve.gov/monetarypolicy/fomcpresconf20150617.htm
2015,Federal Reserve,fomc,Press Conference,https://www.federalreserve.gov/monetarypolicy/fomcpresconf20150917.htm
2015,Federal Reserve,fomc,Press Conference,https://www.federalreserve.gov/monetarypolicy/fomcpresconf20151216.htm
2015,Federal Reserve,fomc,Statement,https://www.federalreserve.gov/newsevents/pressreleases/monetary20150128a.htm
2015,Federal Reserve,fomc,Statement,https://www.federalreserve.gov/newsevents/pressreleases/monetary20150318a.htm
2015,Federal Reserve,fomc,Statement,https://www.federalreserve.gov/newsevents/pressreleases/monetary20150429a.htm
2015,Federal Reserve,fomc,Statement,https://www.federalreserve.gov/newsevents/pressreleases/monetary20150617a.htm
2015,Federal Reserve,fomc,Statement,https://www.federalreserve.gov/newsevents/pressreleases/monetary20150729a.htm
2015,Federal Reserve,fomc,Statement,https://www.federalreserve.gov/newsevents/pressreleases/monetary20150917a.htm
2015,Federal Reserve,fomc,Statement,https://www.federalreserve.gov/newsevents/pressreleases/monetary20151028a.htm
2015,Federal Reserve,fomc,Statement,https://www.federalreserve.gov/newsevents/pressreleases/monetary20151216a.htm
2016,Federal Reserve,fomc,SEP: Individual Projections (1.48 MB PDF),https://www.federalreserve.gov/monetarypolicy/files/FOMC20160316SEPcompilation.pdf
2016,Federal Reserve,fomc,SEP: Individual Projections (1.51 MB PDF),https://www.federalreserve.gov/monetarypolicy/files/FOMC20160615SEPcompilation.pdf
2016,Federal Reserve,fomc,SEP: Individual Projections (1.53 MB PDF),https://www.federalreserve.gov/monetarypolicy/files/FOMC20160921SEPcompilation.pdf
2016,Federal Reserve,fomc,SEP: Individual Projections (1.56 MB PDF),https://www.federalreserve.gov/monetarypolicy/files/FOMC20161214SEPcompilation.pdf
2016,Federal Reserve,fomc,PDF,https://www.federalreserve.gov/monetarypolicy/files/fomcminutes20160127.pdf
2016,Federal Reserve,fomc,PDF,https://www.federalreserve.gov/monetarypolicy/files/fomcminutes20160316.pdf
2016,Federal Reserve,fomc,PDF,https://www.federalreserve.gov/monetarypolicy/files/fomcminutes20160427.pdf
2016,Federal Reserve,fomc,PDF,https://www.federalreserve.gov/monetarypolicy/files/fomcminutes20160615.pdf
2016,Federal Reserve,fomc,PDF,https://www.federalreserve.gov/monetarypolicy/files/fomcminutes20160727.pdf
2016,Federal Reserve,fomc,PDF,https://www.federalreserve.gov/monetarypolicy/files/fomcminutes20160921.pdf
2016,Federal Reserve,fomc,PDF,https://www.federalreserve.gov/monetarypolicy/files/fomcminutes20161102.pdf
2016,Federal Reserve,fomc,PDF,https://www.federalreserve.gov/monetarypolicy/files/fomcminutes20161214.pdf
2016,Federal Reserve,fomc,HTML,https://www.federalreserve.gov/monetarypolicy/fomcminutes20160127.htm
2016,Federal Reserve,fomc,HTML,https://www.federalreserve.gov/monetarypolicy/fomcminutes20160316.htm
2016,Federal Reserve,fomc,HTML,https://www.federalreserve.gov/monetarypolicy/fomcminutes20160427.htm
2016,Federal Reserve,fomc,HTML,https://www.federalreserve.gov/monetarypolicy/fomcminutes20160615.htm
2016,Federal Reserve,fomc,HTML,https://www.federalreserve.gov/monetarypolicy/fomcminutes20160727.htm
2016,Federal Reserve,fomc,HTML,https://www.federalreserve.gov/monetarypolicy/fomcminutes20160921.htm
2016,Federal Reserve,fomc,HTML,https://www.federalreserve.gov/monetarypolicy/fomcminutes20161102.htm
2016,Federal Reserve,fomc,HTML,https://www.federalreserve.gov/monetarypolicy/fomcminutes20161214.htm
2016,Federal Reserve,fomc,Press Conference,https://www.federalreserve.gov/monetarypolicy/fomcpresconf20160316.htm
2016,Federal Reserve,fomc,Press Conference,https://www.federalreserve.gov/monetarypolicy/fomcpresconf20160615.htm
2016,Federal Reserve,fomc,Press Conference,https://www.federalreserve.gov/monetarypolicy/fomcpresconf20160921.htm
2016,Federal Reserve,fomc,Press Conference,https://www.federalreserve.gov/monetarypolicy/fomcpresconf20161214.htm
2016,Federal Reserve,fomc,Statement,https://www.federalreserve.gov/newsevents/pressreleases/monetary20160127a.htm
2016,Federal Reserve,fomc,Statement on Longer-Run Goals and Monetary Policy Strategy,https://www.federalreserve.gov/newsevents/pressreleases/monetary20160127b.htm
2016,Federal Reserve,fomc,Statement,https://www.federalreserve.gov/newsevents/pressreleases/monetary20160316a.htm
2016,Federal Reserve,fomc,Statement,https://www.federalreserve.gov/newsevents/pressreleases/monetary20160427a.htm
2016,Federal Reserve,fomc,Statement,https://www.federalreserve.gov/newsevents/pressreleases/monetary20160615a.htm
2016,Federal Reserve,fomc,Statement,https://www.federalreserve.gov/newsevents/pressreleases/monetary20160727a.htm
2016,Federal Reserve,fomc,Statement,https://www.federalreserve.gov/newsevents/pressreleases/monetary20160921a.htm
2016,Federal Reserve,fomc,Statement,https://www.federalreserve.gov/newsevents/pressreleases/monetary20161102a.htm
2016,Federal Reserve,fomc,Statement,https://www.federalreserve.gov/newsevents/pressreleases/monetary20161214a.htm
2017,Federal Reserve,fomc,SEP: Individual Projections (1.48 MB PDF),https://www.federalreserve.gov/monetarypolicy/files/FOMC20170315SEPcompilation.pdf
2017,Federal Reserve,fomc,SEP: Individual Projections (1.57 MB PDF),https://www.federalreserve.gov/monetarypolicy/files/FOMC20170614SEPcompilation.pdf
2017,Federal Reserve,fomc,SEP: Individual Projections (1.5 MB PDF),https://www.federalreserve.gov/monetarypolicy/files/FOMC20170920SEPcompilation.pdf
2017,Federal Reserve,fomc,SEP: Individual Projections (1.49 MB PDF),https://www.federalreserve.gov/monetarypolicy/files/FOMC20171213SEPcompilation.pdf
2017,Federal Reserve,fomc,Statement on Longer-Run Goals and Monetary Policy Strategy (PDF),https://www.federalreserve.gov/monetarypolicy/files/FOMC_LongerRunGoals_201701.pdf
2017,Federal Reserve,fomc,PDF,https://www.federalreserve.gov/monetarypolicy/files/fomcminutes20170201.pdf
2017,Federal Reserve,fomc,PDF,https://www.federalreserve.gov/monetarypolicy/files/fomcminutes20170315.pdf
2017,Federal Reserve,fomc,PDF,https://www.federalreserve.gov/monetarypolicy/files/fomcminutes20170503.pdf
2017,Federal Reserve,fomc,PDF,https://www.federalreserve.gov/monetarypolicy/files/fomcminutes20170614.pdf
2017,Federal Reserve,fomc,PDF,https://www.federalreserve.gov/monetarypolicy/files/fomcminutes20170726.pdf
2017,Federal Reserve,fomc,PDF,https://www.federalreserve.gov/monetarypolicy/files/fomcminutes20170920.pdf
2017,Federal Reserve,fomc,PDF,https://www.federalreserve.gov/monetarypolicy/files/fomcminutes20171101.pdf
2017,Federal Reserve,fomc,PDF,https://www.federalreserve.gov/monetarypolicy/files/fomcminutes20171213.pdf
2017,Federal Reserve,fomc,HTML,https://www.federalreserve.gov/monetarypolicy/fomcminutes20170201.htm
2017,Federal Reserve,fomc,HTML,https://www.federalreserve.gov/monetarypolicy/fomcminutes20170315.htm
2017,Federal Reserve,fomc,HTML,https://www.federalreserve.gov/monetarypolicy/fomcminutes20170503.htm
2017,Federal Reserve,fomc,HTML,https://www.federalreserve.gov/monetarypolicy/fomcminutes20170614.htm
2017,Federal Reserve,fomc,HTML,https://www.federalreserve.gov/monetarypolicy/fomcminutes20170726.htm
2017,Federal Reserve,fomc,HTML,https://www.federalreserve.gov/monetarypolicy/fomcminutes20170920.htm
2017,Federal Reserve,fomc,HTML,https://www.federalreserve.gov/monetarypolicy/fomcminutes20171101.htm
2017,Federal Reserve,fomc,HTML,https://www.federalreserve.gov/monetarypolicy/fomcminutes20171213.htm
2017,Federal Reserve,fomc,Press Conference,https://www.federalreserve.gov/monetarypolicy/fomcpresconf20170315.htm
2017,Federal Reserve,fomc,Press Conference,https://www.federalreserve.gov/monetarypolicy/fomcpresconf20170614.htm
2017,Federal Reserve,fomc,Press Conference,https://www.federalreserve.gov/monetarypolicy/fomcpresconf20170920.htm
2017,Federal Reserve,fomc,Press Conference,https://www.federalreserve.gov/monetarypolicy/fomcpresconf20171213.htm
2017,Federal Reserve,fomc,Statement,https://www.federalreserve.gov/newsevents/pressreleases/monetary20170201a.htm
2017,Federal Reserve,fomc,Statement,https://www.federalreserve.gov/newsevents/pressreleases/monetary20170315a.htm
2017,Federal Reserve,fomc,Statement,https://www.federalreserve.gov/newsevents/pressreleases/monetary20170503a.htm
2017,Federal Reserve,fomc,Statement,https://www.federalreserve.gov/newsevents/pressreleases/monetary20170614a.htm
2017,Federal Reserve,fomc,Statement,https://www.federalreserve.gov/newsevents/pressreleases/monetary20170726a.htm
2017,Federal Reserve,fomc,Statement,https://www.federalreserve.gov/newsevents/pressreleases/monetary20170920a.htm
2017,Federal Reserve,fomc,Statement,https://www.federalreserve.gov/newsevents/pressreleases/monetary20171101a.htm
2017,Federal Reserve,fomc,Statement,https://www.federalreserve.gov/newsevents/pressreleases/monetary20171213a.htm
2018,Federal Reserve,fomc,SEP: Individual Projections (446 KB PDF),https://www.federalreserve.gov/monetarypolicy/files/FOMC20180321SEPcompilation.pdf
2018,Federal Reserve,fomc,SEP: Individual Projections (427 KB PDF),https://www.federalreserve.gov/monetarypolicy/files/FOMC20180613SEPcompilation.pdf
2018,Federal Reserve,fomc,SEP: Individual Projections (413 KB PDF),https://www.federalreserve.gov/monetarypolicy/files/FOMC20180926SEPcompilation.pdf
2018,Federal Reserve,fomc,SEP: Individual Projections (400 KB PDF),https://www.federalreserve.gov/monetarypolicy/files/FOMC20181219SEPcompilation.pdf
2018,Federal Reserve,fomc,PDF,https://www.federalreserve.gov/monetarypolicy/files/fomcminutes20180131.pdf
2018,Federal Reserve,fomc,PDF,https://www.federalreserve.gov/monetarypolicy/files/fomcminutes20180321.pdf
2018,Federal Reserve,fomc,PDF,https://www.federalreserve.gov/monetarypolicy/files/fomcminutes20180502.pdf
2018,Federal Reserve,fomc,PDF,https://www.federalreserve.gov/monetarypolicy/files/fomcminutes20180613.pdf
2018,Federal Reserve,fomc,PDF,https://www.federalreserve.gov/monetarypolicy/files/fomcminutes20180801.pdf
2018,Federal Reserve,fomc,PDF,https://www.federalreserve.gov/monetarypolicy/files/fomcminutes20180926.pdf
2018,Federal Reserve,fomc,PDF,https://www.federalreserve.gov/monetarypolicy/files/fomcminutes20181108.pdf
2018,Federal Reserve,fomc,PDF,https://www.federalreserve.gov/monetarypolicy/files/fomcminutes20181219.pdf
2018,Federal Reserve,fomc,HTML,https://www.federalreserve.gov/monetarypolicy/fomcminutes20180131.htm
2018,Federal Reserve,fomc,HTML,https://www.federalreserve.gov/monetarypolicy/fomcminutes20180321.htm
2018,Federal Reserve,fomc,HTML,https://www.federalreserve.gov/monetarypolicy/fomcminutes20180502.htm
2018,Federal Reserve,fomc,HTML,https://www.federalreserve.gov/monetarypolicy/fomcminutes20180613.htm
2018,Federal Reserve,fomc,HTML,https://www.federalreserve.gov/monetarypolicy/fomcminutes20180801.htm
2018,Federal Reserve,fomc,HTML,https://www.federalreserve.gov/monetarypolicy/fomcminutes20180926.htm
2018,Federal Reserve,fomc,HTML,https://www.federalreserve.gov/monetarypolicy/fomcminutes20181108.htm
2018,Federal Reserve,fomc,HTML,https://www.federalreserve.gov/monetarypolicy/fomcminutes20181219.htm
2018,Federal Reserve,fomc,Press Conference,https://www.federalreserve.gov/monetarypolicy/fomcpresconf20180321.htm
2018,Federal Reserve,fomc,Press Conference,https://www.federalreserve.gov/monetarypolicy/fomcpresconf20180613.htm
2018,Federal Reserve,fomc,Press Conference,https://www.federalreserve.gov/monetarypolicy/fomcpresconf20180926.htm
2018,Federal Reserve,fomc,Press Conference,https://www.federalreserve.gov/monetarypolicy/fomcpresconf20181219.htm
2018,Federal Reserve,fomc,Statement,https://www.federalreserve.gov/newsevents/pressreleases/monetary20180131a.htm
2018,Federal Reserve,fomc,Statement on Longer-Run Goals and Monetary Policy Strategy,https://www.federalreserve.gov/newsevents/pressreleases/monetary20180131b.htm
2018,Federal Reserve,fomc,Statement,https://www.federalreserve.gov/newsevents/pressreleases/monetary20180321a.htm
2018,Federal Reserve,fomc,Statement,https://www.federalreserve.gov/newsevents/pressreleases/monetary20180502a.htm
2018,Federal Reserve,fomc,Statement,https://www.federalreserve.gov/newsevents/pressreleases/monetary20180613a.htm
2018,Federal Reserve,fomc,Statement,https://www.federalreserve.gov/newsevents/pressreleases/monetary20180801a.htm
2018,Federal Reserve,fomc,Statement,https://www.federalreserve.gov/newsevents/pressreleases/monetary20180926a.htm
2018,Federal Reserve,fomc,Statement,https://www.federalreserve.gov/newsevents/pressreleases/monetary20181108a.htm
2018,Federal Reserve,fomc,Statement,https://www.federalreserve.gov/newsevents/pressreleases/monetary20181219a.htm
2019,Federal Reserve,fomc,SEP: Individual Projections (1.75 MB PDF),https://www.federalreserve.gov/monetarypolicy/files/FOMC20190320SEPcompilation.pdf
2019,Federal Reserve,fomc,SEP: Individual Projections (1.84 MB PDF),https://www.federalreserve.gov/monetarypolicy/files/FOMC20190619SEPcompilation.pdf
2019,Federal Reserve,fomc,SEP: Individual Projections (2 MB PDF),https://www.federalreserve.gov/monetarypolicy/files/FOMC20190918SEPcompilation.pdf
2019,Federal Reserve,fomc,SEP: Individual Projections (1.99 MB PDF),https://www.federalreserve.gov/monetarypolicy/files/FOMC20191211SEPcompilation.pdf
2019,Federal Reserve,fomc,PDF,https://www.federalreserve.gov/monetarypolicy/files/fomcminutes20190130.pdf
2019,Federal Reserve,fomc,PDF,https://www.federalreserve.gov/monetarypolicy/files/fomcminutes20190320.pdf
2019,Federal Reserve,fomc,PDF,https://www.federalreserve.gov/monetarypolicy/files/fomcminutes20190501.pdf
2019,Federal Reserve,fomc,PDF,https://www.federalreserve.gov/monetarypolicy/files/fomcminutes20190619.pdf
2019,Federal Reserve,fomc,PDF,https://www.federalreserve.gov/monetarypolicy/files/fomcminutes20190731.pdf
2019,Federal Reserve,fomc,PDF,https://www.federalreserve.gov/monetarypolicy/files/fomcminutes20190918.pdf
2019,Federal Reserve,fomc,PDF,https://www.federalreserve.gov/monetarypolicy/files/fomcminutes20191030.pdf
2019,Federal Reserve,fomc,PDF,https://www.federalreserve.gov/monetarypolicy/files/fomcminutes20191211.pdf
2019,Federal Reserve,fomc,HTML,https://www.federalreserve.gov/monetarypolicy/fomcminutes20190130.htm
2019,Federal Reserve,fomc,HTML,https://www.federalreserve.gov/monetarypolicy/fomcminutes20190320.htm
2019,Federal Reserve,fomc,HTML,https://www.federalreserve.gov/monetarypolicy/fomcminutes20190501.htm
2019,Federal Reserve,fomc,HTML,https://www.federalreserve.gov/monetarypolicy/fomcminutes20190619.htm
2019,Federal Reserve,fomc,HTML,https://www.federalreserve.gov/monetarypolicy/fomcminutes20190731.htm
2019,Federal Reserve,fomc,HTML,https://www.federalreserve.gov/monetarypolicy/fomcminutes20190918.htm
2019,Federal Reserve,fomc,HTML,https://www.federalreserve.gov/monetarypolicy/fomcminutes20191030.htm
2019,Federal Reserve,fomc,HTML,https://www.federalreserve.gov/monetarypolicy/fomcminutes20191211.htm
2019,Federal Reserve,fomc,Press Conference,https://www.federalreserve.gov/monetarypolicy/fomcpresconf20190130.htm
2019,Federal Reserve,fomc,Press Conference,https://www.federalreserve.gov/monetarypolicy/fomcpresconf20190320.htm
2019,Federal Reserve,fomc,Press Conference,https://www.federalreserve.gov/monetarypolicy/fomcpresconf20190501.htm
2019,Federal Reserve,fomc,Press Conference,https://www.federalreserve.gov/monetarypolicy/fomcpresconf20190619.htm
2019,Federal Reserve,fomc,Press Conference,https://www.federalreserve.gov/monetarypolicy/fomcpresconf20190731.htm
2019,Federal Reserve,fomc,Press Conference,https://www.federalreserve.gov/monetarypolicy/fomcpresconf20190918.htm
2019,Federal Reserve,fomc,Press Conference,https://www.federalreserve.gov/monetarypolicy/fomcpresconf20191030.htm
2019,Federal Reserve,fomc,Press Conference,https://www.federalreserve.gov/monetarypolicy/fomcpresconf20191211.htm
2019,Federal Reserve,fomc,Statement,https://www.federalreserve.gov/newsevents/pressreleases/monetary20190130a.htm
2019,Federal Reserve,fomc,Statement on Longer-Run Goals and Monetary Policy Strategy,https://www.federalreserve.gov/newsevents/pressreleases/monetary20190130b.htm
2019,Federal Reserve,fomc,Statement Regarding Monetary Policy Implementation and Balance Sheet Normalization,https://www.federalreserve.gov/newsevents/pressreleases/monetary20190130c.htm
2019,Federal Reserve,fomc,Statement,https://www.federalreserve.gov/newsevents/pressreleases/monetary20190320a.htm
2019,Federal Reserve,fomc,Statement,https://www.federalreserve.gov/newsevents/pressreleases/monetary20190501a.htm
2019,Federal Reserve,fomc,Statement,https://www.federalreserve.gov/newsevents/pressreleases/monetary20190619a.htm
2019,Federal Reserve,fomc,Statement,https://www.federalreserve.gov/newsevents/pressreleases/monetary20190731a.htm
2019,Federal Reserve,fomc,Statement,https://www.federalreserve.gov/newsevents/pressreleases/monetary20190918a.htm
2019,Federal Reserve,fomc,Statement,https://www.federalreserve.gov/newsevents/pressreleases/monetary20191011a.htm
2019,Federal Reserve,fomc,Statement,https://www.federalreserve.gov/newsevents/pressreleases/monetary20191030a.htm
2019,Federal Reserve,fomc,Statement,https://www.federalreserve.gov/newsevents/pressreleases/monetary20191211a.htm
2020,Federal Reserve,fomc,SEP: Individual Projections (2.87 MB PDF),https://www.federalreserve.gov/monetarypolicy/files/FOMC20200610SEPcompilation.pdf
2020,Federal Reserve,fomc,SEP: Individual Projections (2.89 MB PDF),https://www.federalreserve.gov/monetarypolicy/files/FOMC20200916SEPcompilation.pdf
2020,Federal Reserve,fomc,SEP: Individual Projections (3.17 MB PDF),https://www.federalreserve.gov/monetarypolicy/files/FOMC20201216SEPcompilation.pdf
2020,Federal Reserve,fomc,PDF,https://www.federalreserve.gov/monetarypolicy/files/fomcminutes20200129.pdf
2020,Federal Reserve,fomc,PDF,https://www.federalreserve.gov/monetarypolicy/files/fomcminutes20200315.pdf
2020,Federal Reserve,fomc,PDF,https://www.federalreserve.gov/monetarypolicy/files/fomcminutes20200429.pdf
2020,Federal Reserve,fomc,PDF,https://www.federalreserve.gov/monetarypolicy/files/fomcminutes20200610.pdf
2020,Federal Reserve,fomc,PDF,https://www.federalreserve.gov/monetarypolicy/files/fomcminutes20200729.pdf
2020,Federal Reserve,fomc,PDF,https://www.federalreserve.gov/monetarypolicy/files/fomcminutes20200916.pdf
2020,Federal Reserve,fomc,PDF,https://www.federalreserve.gov/monetarypolicy/files/fomcminutes20201105.pdf
2020,Federal Reserve,fomc,PDF,https://www.federalreserve.gov/monetarypolicy/files/fomcminutes20201216.pdf
2020,Federal Reserve,fomc,HTML,https://www.federalreserve.gov/monetarypolicy/fomcminutes20200129.htm
2020,Federal Reserve,fomc,HTML,https://www.federalreserve.gov/monetarypolicy/fomcminutes20200315.htm
2020,Federal Reserve,fomc,HTML,https://www.federalreserve.gov/monetarypolicy/fomcminutes20200429.htm
2020,Federal Reserve,fomc,HTML,https://www.federalreserve.gov/monetarypolicy/fomcminutes20200610.htm
2020,Federal Reserve,fomc,HTML,https://www.federalreserve.gov/monetarypolicy/fomcminutes20200729.htm
2020,Federal Reserve,fomc,HTML,https://www.federalreserve.gov/monetarypolicy/fomcminutes20200916.htm
2020,Federal Reserve,fomc,HTML,https://www.federalreserve.gov/monetarypolicy/fomcminutes20201105.htm
2020,Federal Reserve,fomc,HTML,https://www.federalreserve.gov/monetarypolicy/fomcminutes20201216.htm
2020,Federal Reserve,fomc,Press Conference,https://www.federalreserve.gov/monetarypolicy/fomcpresconf20200129.htm
2020,Federal Reserve,fomc,Press Conference,https://www.federalreserve.gov/monetarypolicy/fomcpresconf20200303.htm
2020,Federal Reserve,fomc,Press Conference,https://www.federalreserve.gov/monetarypolicy/fomcpresconf20200315.htm
2020,Federal Reserve,fomc,Press Conference,https://www.federalreserve.gov/monetarypolicy/fomcpresconf20200429.htm
2020,Federal Reserve,fomc,Press Conference,https://www.federalreserve.gov/monetarypolicy/fomcpresconf20200610.htm
2020,Federal Reserve,fomc,Press Conference,https://www.federalreserve.gov/monetarypolicy/fomcpresconf20200729.htm
2020,Federal Reserve,fomc,Press Conference,https://www.federalreserve.gov/monetarypolicy/fomcpresconf20200916.htm
2020,Federal Reserve,fomc,Press Conference,https://www.federalreserve.gov/monetarypolicy/fomcpresconf20201105.htm
2020,Federal Reserve,fomc,Press Conference,https://www.federalreserve.gov/monetarypolicy/fomcpresconf20201216.htm
2020,Federal Reserve,fomc,Statement,https://www.federalreserve.gov/newsevents/pressreleases/monetary20200129a.htm
2020,Federal Reserve,fomc,Statement,https://www.federalreserve.gov/newsevents/pressreleases/monetary20200303a.htm
2020,Federal Reserve,fomc,Statement,https://www.federalreserve.gov/newsevents/pressreleases/monetary20200315a.htm
2020,Federal Reserve,fomc,Statement,https://www.federalreserve.gov/newsevents/pressreleases/monetary20200323a.htm
2020,Federal Reserve,fomc,Statement,https://www.federalreserve.gov/newsevents/pressreleases/monetary20200429a.htm
2020,Federal Reserve,fomc,Statement,https://www.federalreserve.gov/newsevents/pressreleases/monetary20200610a.htm
2020,Federal Reserve,fomc,Statement,https://www.federalreserve.gov/newsevents/pressreleases/monetary20200729a.htm
2020,Federal Reserve,fomc,Statement on Longer-Run Goals and Monetary Policy Strategy,https://www.federalreserve.gov/newsevents/pressreleases/monetary20200827a.htm
2020,Federal Reserve,fomc,Statement,https://www.federalreserve.gov/newsevents/pressreleases/monetary20200916a.htm
2020,Federal Reserve,fomc,Statement,https://www.federalreserve.gov/newsevents/pressreleases/monetary20201105a.htm
2020,Federal Reserve,fomc,Statement,https://www.federalreserve.gov/newsevents/pressreleases/monetary20201216a.htm
2021,Federal Reserve,fomc,PDF,https://www.federalreserve.gov/monetarypolicy/files/fomcminutes20210127.pdf
2021,Federal Reserve,fomc,PDF,https://www.federalreserve.gov/monetarypolicy/files/fomcminutes20210317.pdf
2021,Federal Reserve,fomc,PDF,https://www.federalreserve.gov/monetarypolicy/files/fomcminutes20210428.pdf
2021,Federal Reserve,fomc,PDF,https://www.federalreserve.gov/monetarypolicy/files/fomcminutes20210616.pdf
2021,Federal Reserve,fomc,PDF,https://www.federalreserve.gov/monetarypolicy/files/fomcminutes20210728.pdf
2021,Federal Reserve,fomc,PDF,https://www.federalreserve.gov/monetarypolicy/files/fomcminutes20210922.pdf
2021,Federal Reserve,fomc,PDF,https://www.federalreserve.gov/monetarypolicy/files/fomcminutes20211103.pdf
2021,Federal Reserve,fomc,PDF,https://www.federalreserve.gov/monetarypolicy/files/fomcminutes20211215.pdf
2021,Federal Reserve,fomc,PDF,https://www.federalreserve.gov/monetarypolicy/files/fomcprojtabl20210317.pdf
2021,Federal Reserve,fomc,PDF,https://www.federalreserve.gov/monetarypolicy/files/fomcprojtabl20210616.pdf
2021,Federal Reserve,fomc,PDF,https://www.federalreserve.gov/monetarypolicy/files/fomcprojtabl20210922.pdf
2021,Federal Reserve,fomc,PDF,https://www.federalreserve.gov/monetarypolicy/files/fomcprojtabl20211215.pdf
2021,Federal Reserve,fomc,HTML,https://www.federalreserve.gov/monetarypolicy/fomcminutes20210127.htm
2021,Federal Reserve,fomc,HTML,https://www.federalreserve.gov/monetarypolicy/fomcminutes20210317.htm
2021,Federal Reserve,fomc,HTML,https://www.federalreserve.gov/monetarypolicy/fomcminutes20210428.htm
2021,Federal Reserve,fomc,HTML,https://www.federalreserve.gov/monetarypolicy/fomcminutes20210616.htm
2021,Federal Reserve,fomc,HTML,https://www.federalreserve.gov/monetarypolicy/fomcminutes20210728.htm
2021,Federal Reserve,fomc,HTML,https://www.federalreserve.gov/monetarypolicy/fomcminutes20210922.htm
2021,Federal Reserve,fomc,HTML,https://www.federalreserve.gov/monetarypolicy/fomcminutes20211103.htm
2021,Federal Reserve,fomc,HTML,https://www.federalreserve.gov/monetarypolicy/fomcminutes20211215.htm
2021,Federal Reserve,fomc,HTML,https://www.federalreserve.gov/monetarypolicy/fomcprojtabl20210317.htm
2021,Federal Reserve,fomc,HTML,https://www.federalreserve.gov/monetarypolicy/fomcprojtabl20210616.htm
2021,Federal Reserve,fomc,HTML,https://www.federalreserve.gov/monetarypolicy/fomcprojtabl20210922.htm
2021,Federal Reserve,fomc,HTML,https://www.federalreserve.gov/monetarypolicy/fomcprojtabl20211215.htm
2022,Federal Reserve,fomc,PDF,https://www.federalreserve.gov/monetarypolicy/files/fomcminutes20220126.pdf
2022,Federal Reserve,fomc,PDF,https://www.federalreserve.gov/monetarypolicy/files/fomcminutes20220316.pdf
2022,Federal Reserve,fomc,PDF,https://www.federalreserve.gov/monetarypolicy/files/fomcminutes20220504.pdf
2022,Federal Reserve,fomc,PDF,https://www.federalreserve.gov/monetarypolicy/files/fomcminutes20220615.pdf
2022,Federal Reserve,fomc,PDF,https://www.federalreserve.gov/monetarypolicy/files/fomcminutes20220727.pdf
2022,Federal Reserve,fomc,PDF,https://www.federalreserve.gov/monetarypolicy/files/fomcminutes20220921.pdf
2022,Federal Reserve,fomc,PDF,https://www.federalreserve.gov/monetarypolicy/files/fomcminutes20221102.pdf
2022,Federal Reserve,fomc,PDF,https://www.federalreserve.gov/monetarypolicy/files/fomcminutes20221214.pdf
2022,Federal Reserve,fomc,PDF,https://www.federalreserve.gov/monetarypolicy/files/fomcprojtabl20220316.pdf
2022,Federal Reserve,fomc,PDF,https://www.federalreserve.gov/monetarypolicy/files/fomcprojtabl20220615.pdf
2022,Federal Reserve,fomc,PDF,https://www.federalreserve.gov/monetarypolicy/files/fomcprojtabl20220921.pdf
2022,Federal Reserve,fomc,PDF,https://www.federalreserve.gov/monetarypolicy/files/fomcprojtabl20221214.pdf
2022,Federal Reserve,fomc,HTML,https://www.federalreserve.gov/monetarypolicy/fomcminutes20220126.htm
2022,Federal Reserve,fomc,HTML,https://www.federalreserve.gov/monetarypolicy/fomcminutes20220316.htm
2022,Federal Reserve,fomc,HTML,https://www.federalreserve.gov/monetarypolicy/fomcminutes20220504.htm
2022,Federal Reserve,fomc,HTML,https://www.federalreserve.gov/monetarypolicy/fomcminutes20220615.htm
2022,Federal Reserve,fomc,HTML,https://www.federalreserve.gov/monetarypolicy/fomcminutes20220727.htm
2022,Federal Reserve,fomc,HTML,https://www.federalreserve.gov/monetarypolicy/fomcminutes20220921.htm
2022,Federal Reserve,fomc,HTML,https://www.federalreserve.gov/monetarypolicy/fomcminutes20221102.htm
2022,Federal Reserve,fomc,HTML,https://www.federalreserve.gov/monetarypolicy/fomcminutes20221214.htm
2022,Federal Reserve,fomc,HTML,https://www.federalreserve.gov/monetarypolicy/fomcprojtabl20220615.htm
2022,Federal Reserve,fomc,HTML,https://www.federalreserve.gov/monetarypolicy/fomcprojtabl20220921.htm
2022,Federal Reserve,fomc,HTML,https://www.federalreserve.gov/monetarypolicy/fomcprojtabl20221214.htm
2022,Federal Reserve,fomc,HTML,https://www.federalreserve.gov/monetarypolicy/fomcprojtable20220316.htm
2023,Federal Reserve,fomc,PDF,https://www.federalreserve.gov/monetarypolicy/files/fomcminutes20230201.pdf
2023,Federal Reserve,fomc,PDF,https://www.federalreserve.gov/monetarypolicy/files/fomcminutes20230322.pdf
2023,Federal Reserve,fomc,PDF,https://www.federalreserve.gov/monetarypolicy/files/fomcminutes20230503.pdf
2023,Federal Reserve,fomc,PDF,https://www.federalreserve.gov/monetarypolicy/files/fomcminutes20230614.pdf
2023,Federal Reserve,fomc,PDF,https://www.federalreserve.gov/monetarypolicy/files/fomcminutes20230726.pdf
2023,Federal Reserve,fomc,PDF,https://www.federalreserve.gov/monetarypolicy/files/fomcminutes20230920.pdf
2023,Federal Reserve,fomc,PDF,https://www.federalreserve.gov/monetarypolicy/files/fomcminutes20231101.pdf
2023,Federal Reserve,fomc,PDF,https://www.federalreserve.gov/monetarypolicy/files/fomcminutes20231213.pdf
2023,Federal Reserve,fomc,PDF,https://www.federalreserve.gov/monetarypolicy/files/fomcprojtabl20230322.pdf
2023,Federal Reserve,fomc,PDF,https://www.federalreserve.gov/monetarypolicy/files/fomcprojtabl20230614.pdf
2023,Federal Reserve,fomc,PDF,https://www.federalreserve.gov/monetarypolicy/files/fomcprojtabl20230920.pdf
2023,Federal Reserve,fomc,PDF,https://www.federalreserve.gov/monetarypolicy/files/fomcprojtabl20231213.pdf
2023,Federal Reserve,fomc,HTML,https://www.federalreserve.gov/monetarypolicy/fomcminutes20230201.htm
2023,Federal Reserve,fomc,HTML,https://www.federalreserve.gov/monetarypolicy/fomcminutes20230322.htm
2023,Federal Reserve,fomc,HTML,https://www.federalreserve.gov/monetarypolicy/fomcminutes20230503.htm
2023,Federal Reserve,fomc,HTML,https://www.federalreserve.gov/monetarypolicy/fomcminutes20230614.htm
2023,Federal Reserve,fomc,HTML,https://www.federalreserve.gov/monetarypolicy/fomcminutes20230726.htm
2023,Federal Reserve,fomc,HTML,https://www.federalreserve.gov/monetarypolicy/fomcminutes20230920.htm
2023,Federal Reserve,fomc,HTML,https://www.federalreserve.gov/monetarypolicy/fomcminutes20231101.htm
2023,Federal Reserve,fomc,HTML,https://www.federalreserve.gov/monetarypolicy/fomcminutes20231213.htm
2023,Federal Reserve,fomc,HTML,https://www.federalreserve.gov/monetarypolicy/fomcprojtabl20230322.htm
2023,Federal Reserve,fomc,HTML,https://www.federalreserve.gov/monetarypolicy/fomcprojtabl20230614.htm
2023,Federal Reserve,fomc,HTML,https://www.federalreserve.gov/monetarypolicy/fomcprojtabl20230920.htm
2023,Federal Reserve,fomc,HTML,https://www.federalreserve.gov/monetarypolicy/fomcprojtabl20231213.htm
2024,Federal Reserve,fomc,PDF,https://www.federalreserve.gov/monetarypolicy/files/fomcminutes20240131.pdf
2024,Federal Reserve,fomc,PDF,https://www.federalreserve.gov/monetarypolicy/files/fomcminutes20240320.pdf
2024,Federal Reserve,fomc,PDF,https://www.federalreserve.gov/monetarypolicy/files/fomcminutes20240501.pdf
2024,Federal Reserve,fomc,PDF,https://www.federalreserve.gov/monetarypolicy/files/fomcminutes20240612.pdf
2024,Federal Reserve,fomc,PDF,https://www.federalreserve.gov/monetarypolicy/files/fomcminutes20240731.pdf
2024,Federal Reserve,fomc,PDF,https://www.federalreserve.gov/monetarypolicy/files/fomcminutes20240918.pdf
2024,Federal Reserve,fomc,PDF,https://www.federalreserve.gov/monetarypolicy/files/fomcminutes20241107.pdf
2024,Federal Reserve,fomc,PDF,https://www.federalreserve.gov/monetarypolicy/files/fomcminutes20241218.pdf
2024,Federal Reserve,fomc,PDF,https://www.federalreserve.gov/monetarypolicy/files/fomcprojtabl20240320.pdf
2024,Federal Reserve,fomc,PDF,https://www.federalreserve.gov/monetarypolicy/files/fomcprojtabl20240612.pdf
2024,Federal Reserve,fomc,PDF,https://www.federalreserve.gov/monetarypolicy/files/fomcprojtabl20240918.pdf
2024,Federal Reserve,fomc,PDF,https://www.federalreserve.gov/monetarypolicy/files/fomcprojtabl20241218.pdf
2024,Federal Reserve,fomc,HTML,https://www.federalreserve.gov/monetarypolicy/fomcminutes20240131.htm
2024,Federal Reserve,fomc,HTML,https://www.federalreserve.gov/monetarypolicy/fomcminutes20240320.htm
2024,Federal Reserve,fomc,HTML,https://www.federalreserve.gov/monetarypolicy/fomcminutes20240501.htm
2024,Federal Reserve,fomc,HTML,https://www.federalreserve.gov/monetarypolicy/fomcminutes20240612.htm
2024,Federal Reserve,fomc,HTML,https://www.federalreserve.gov/monetarypolicy/fomcminutes20240731.htm
2024,Federal Reserve,fomc,HTML,https://www.federalreserve.gov/monetarypolicy/fomcminutes20240918.htm
2024,Federal Reserve,fomc,HTML,https://www.federalreserve.gov/monetarypolicy/fomcminutes20241107.htm
2024,Federal Reserve,fomc,HTML,https://www.federalreserve.gov/monetarypolicy/fomcminutes20241218.htm
2024,Federal Reserve,fomc,HTML,https://www.federalreserve.gov/monetarypolicy/fomcprojtabl20240320.htm
2024,Federal Reserve,fomc,HTML,https://www.federalreserve.gov/monetarypolicy/fomcprojtabl20240612.htm
2024,Federal Reserve,fomc,HTML,https://www.federalreserve.gov/monetarypolicy/fomcprojtabl20240918.htm
2024,Federal Reserve,fomc,HTML,https://www.federalreserve.gov/monetarypolicy/fomcprojtabl20241218.htm
2025,Federal Reserve,fomc,PDF,https://www.federalreserve.gov/monetarypolicy/files/fomcminutes20250129.pdf
2025,Federal Reserve,fomc,PDF,https://www.federalreserve.gov/monetarypolicy/files/fomcminutes20250319.pdf
2025,Federal Reserve,fomc,PDF,https://www.federalreserve.gov/monetarypolicy/files/fomcminutes20250507.pdf
2025,Federal Reserve,fomc,PDF,https://www.federalreserve.gov/monetarypolicy/files/fomcminutes20250618.pdf
2025,Federal Reserve,fomc,PDF,https://www.federalreserve.gov/monetarypolicy/files/fomcminutes20250730.pdf
2025,Federal Reserve,fomc,PDF,https://www.federalreserve.gov/monetarypolicy/files/fomcminutes20250917.pdf
2025,Federal Reserve,fomc,PDF,https://www.federalreserve.gov/monetarypolicy/files/fomcminutes20251029.pdf
2025,Federal Reserve,fomc,PDF,https://www.federalreserve.gov/monetarypolicy/files/fomcminutes20251210.pdf
2025,Federal Reserve,fomc,PDF,https://www.federalreserve.gov/monetarypolicy/files/fomcprojtabl20250319.pdf
2025,Federal Reserve,fomc,PDF,https://www.federalreserve.gov/monetarypolicy/files/fomcprojtabl20250618.pdf
2025,Federal Reserve,fomc,PDF,https://www.federalreserve.gov/monetarypolicy/files/fomcprojtabl20250917.pdf
2025,Federal Reserve,fomc,PDF,https://www.federalreserve.gov/monetarypolicy/files/fomcprojtabl20251210.pdf
2025,Federal Reserve,fomc,HTML,https://www.federalreserve.gov/monetarypolicy/fomcminutes20250129.htm
2025,Federal Reserve,fomc,HTML,https://www.federalreserve.gov/monetarypolicy/fomcminutes20250319.htm
2025,Federal Reserve,fomc,HTML,https://www.federalreserve.gov/monetarypolicy/fomcminutes20250507.htm
2025,Federal Reserve,fomc,HTML,https://www.federalreserve.gov/monetarypolicy/fomcminutes20250618.htm
2025,Federal Reserve,fomc,HTML,https://www.federalreserve.gov/monetarypolicy/fomcminutes20250730.htm
2025,Federal Reserve,fomc,HTML,https://www.federalreserve.gov/monetarypolicy/fomcminutes20250917.htm
2025,Federal Reserve,fomc,HTML,https://www.federalreserve.gov/monetarypolicy/fomcminutes20251029.htm
2025,Federal Reserve,fomc,HTML,https://www.federalreserve.gov/monetarypolicy/fomcminutes20251210.htm
2025,Federal Reserve,fomc,HTML,https://www.federalreserve.gov/monetarypolicy/fomcprojtabl20250319.htm
2025,Federal Reserve,fomc,HTML,https://www.federalreserve.gov/monetarypolicy/fomcprojtabl20250618.htm
2025,Federal Reserve,fomc,HTML,https://www.federalreserve.gov/monetarypolicy/fomcprojtabl20250917.htm
2025,Federal Reserve,fomc,HTML,https://www.federalreserve.gov/monetarypolicy/fomcprojtabl20251210.htm
2026,Federal Reserve,fomc,PDF,https://www.federalreserve.gov/monetarypolicy/files/fomcminutes20260128.pdf
2026,Federal Reserve,fomc,PDF,https://www.federalreserve.gov/monetarypolicy/files/fomcminutes20260318.pdf
2026,Federal Reserve,fomc,PDF,https://www.federalreserve.gov/monetarypolicy/files/fomcminutes20260429.pdf
2026,Federal Reserve,fomc,PDF,https://www.federalreserve.gov/monetarypolicy/files/fomcminutes20260617.pdf
2026,Federal Reserve,fomc,PDF,https://www.federalreserve.gov/monetarypolicy/files/fomcminutes20260729.pdf
2026,Federal Reserve,fomc,PDF,https://www.federalreserve.gov/monetarypolicy/files/fomcprojtabl20260318.pdf
2026,Federal Reserve,fomc,PDF,https://www.federalreserve.gov/monetarypolicy/files/fomcprojtabl20260617.pdf
2026,Federal Reserve,fomc,HTML,https://www.federalreserve.gov/monetarypolicy/fomcminutes20260128.htm
2026,Federal Reserve,fomc,HTML,https://www.federalreserve.gov/monetarypolicy/fomcminutes20260318.htm
2026,Federal Reserve,fomc,HTML,https://www.federalreserve.gov/monetarypolicy/fomcminutes20260429.htm
2026,Federal Reserve,fomc,HTML,https://www.federalreserve.gov/monetarypolicy/fomcminutes20260617.htm
2026,Federal Reserve,fomc,HTML,https://www.federalreserve.gov/monetarypolicy/fomcminutes20260729.htm
2026,Federal Reserve,fomc,HTML,https://www.federalreserve.gov/monetarypolicy/fomcprojtabl20260318.htm
2026,Federal Reserve,fomc,HTML,https://www.federalreserve.gov/monetarypolicy/fomcprojtabl20260617.htm
